"","locname","latitude","longitude","NOAA_ID","NOAA_NAME","NEAR_Y","NEAR_X","NEAR_DIST"
"1","01022500",44.607972,-67.935242,"USC00174183","JONESBORO",44.6453,-67.6494,22.9984255025546
"2","01031500",45.175008,-69.314697,"USC00172440","E SANGERVILLE",45.1369,-69.2806,5.01038686082461
"3","01037380",44.329167,-69.060833,"USC00170480","BELFAST",44.4394,-68.9892,13.5146866131099
"4","01038000",44.222778,-69.593758,"USC00171823","DAMARISCOTTA MILLS",44.1333,-69.5167,11.6942235538665
"5","01054200",44.390444,-70.979644,"USC00173110","GILEAD",44.4,-70.9667,1.47876332051996
"6","01072870",43.2348,-70.95645,"USW00054791","ROCHESTER SKYHAVEN AP",43.2781,-70.9222,5.55651651426001
"7","01073319",43.042307,-71.200618,"USC00272800","EPPING",43.0303,-71.0839,9.57971933237681
"8","01091000",43.014805,-71.641461,"USC00278972","WEARE",43.0847,-71.7383,11.0599335051288
"9","01093852",42.84259,-71.70674,"USC00275412","MILFORD",42.8394,-71.6486,4.75357904341284
"10","01095220",42.410925,-71.791183,"USC00196720","QUINAPOXET",42.3778,-71.8508,6.12659780271756
"11","01095375",42.37287,-71.828128,"USC00196720","QUINAPOXET",42.3778,-71.8508,1.94138988944948
"12","01104430",42.398151,-71.27339,"USC00196915","ROBERTS DAM",42.3667,-71.2667,3.54009669388484
"13","01104460",42.368985,-71.270612,"USC00196915","ROBERTS DAM",42.3667,-71.2667,0.409691960324737
"14","01104475",42.354541,-71.268112,"USC00196915","ROBERTS DAM",42.3667,-71.2667,1.35698758076918
"15","01115098",41.852599,-71.606175,"USC00373306","GREENVILLE",41.8833,-71.5667,4.72637568910887
"16","01115187",41.81871,-71.705068,"USC00375354","NORTH SCITUATE 4 W",41.8333,-71.6833,2.42595328318362
"17","01124000",42.022319,-71.955629,"USC00192010","DUDLEY",42.0333,-71.9333,2.211890185822
"18","01129200",45.040324,-71.443971,"CA007022300","EAST HEREFORD",45.0833,-71.5,6.49627174789587
"19","01157000",43.039246,-72.270086,"USC00278539","SURRY MTN LAKE",42.9967,-72.3128,5.86859470217695
"20","01173000",42.390646,-72.060355,"USC00191589","COLDBROOK",42.3833,-72.05,1.17919109408656
"21","01184000",41.987319,-72.605367,"USC00062760","ENFIELD",42.0281,-72.575,5.18249424976621
"22","01186000",41.962873,-73.017606,"USC00061508","COLEBROOK RVR LAKE",42.0003,-73.0439,4.69503722793154
"23","01187300",42.037316,-72.938991,"USC00199221","WEST GRANVILLE",42.0667,-72.9333,3.30096642668388
"24","01192500",41.783155,-72.587311,"USW00014752","HARTFORD BRAINARD FLD",41.7361,-72.6506,7.41176547699922
"25","01193500",41.552321,-72.449253,"USC00061499","COLCHESTER 2 W",41.55,-72.3667,6.87443222002472
"26","01194000",41.44177,-72.33286,"USC00061499","COLCHESTER 2 W",41.55,-72.3667,12.3602380619027
"27","01194500",41.427876,-72.33425,"USC00063989","LAKE KONOMOC",41.4,-72.1833,12.9638380579163
"28","01196500",41.449542,-72.840934,"USW00054788","MERIDEN MARKHAM MUNI AP",41.5097,-72.8278,6.77815685287821
"29","01201487",41.466206,-73.403176,"USC00061762","DANBURY",41.4,-73.4167,7.44760382862371
"30","01205500",41.383985,-73.167612,"USC00068065","STEVENSON DAM",41.3819,-73.1717,0.412401300571284
"31","01309500",40.688989,-73.454846,"USC00308946","WANTAGH CEDAR CREEK",40.655,-73.5053,5.69119731091557
"32","01362500",42.014259,-74.270703,"USC00306570","PHONECIA 2SW",42.0675,-74.3356,7.9855781665198
"33","01382170",41.077778,-74.489722,"USC00281582","CHARLOTTEBURG RSVR",41.03,-74.4247,7.61253404057429
"34","01382500",41.018333,-74.401111,"USC00281582","CHARLOTTEBURG RSVR",41.03,-74.4247,2.36620013590962
"35","01388000",40.991972,-74.279861,"USC00289187","WANAQUE RAYMOND DAM",41.0444,-74.2933,5.93775655581806
"36","01400500",40.555,-74.583611,"USC00285197","MANVILLE",40.55,-74.5667,1.53312288264161
"37","01408000",40.161389,-74.154722,"USW00004783","BELMAR MONMOUTH AAF",40.1833,-74.1167,4.04627716545266
"38","01408029",40.146667,-74.122222,"USW00004783","BELMAR MONMOUTH AAF",40.1833,-74.1167,4.1003404713378
"39","01408500",39.986389,-74.223333,"USC00288816","TOMS RIVER",39.95,-74.2167,4.08556503345485
"40","01417500",42.024809,-75.11989,"USC00300540","BEERSTON",42.1167,-75.1167,10.2212051217929
"41","01420500",41.946477,-74.979609,"USC00301102","CALLICOON CTR",41.8275,-74.9506,13.4458158194819
"42","01423000",42.166196,-75.139891,"USC00308936","WALTON",42.1667,-75.1333,0.546096563427928
"43","01425000",42.074806,-75.396009,"USC00302060","DEPOSIT",42.0628,-75.4264,2.84171946069488
"44","01426500",42.00314,-75.383508,"USC00302060","DEPOSIT",42.0628,-75.4264,7.52049024317439
"45","01427207",41.86731,-75.213783,"USC00301101","CALLICOON",41.7667,-75.05,17.5891774507358
"46","01427500",41.760922,-75.048223,"USC00301101","CALLICOON",41.7667,-75.05,0.65917234809334
"47","01427510",41.756755,-75.05739,"USC00301101","CALLICOON",41.7667,-75.05,1.26434597418474
"48","01428000",41.564256,-75.015168,"USC00366900","PHILA FRIENDS HOSPITAL",41.65,-75.1,11.859563690886
"49","01428500",41.508978,-74.985723,"USC00363758","HAWLEY 1 E",41.4764,-75.1653,15.3893001874761
"50","01428750",41.67453,-75.376013,"USC00362331","DYBERRY",41.6333,-75.3,7.80392625850044
"51","01429000",41.587309,-75.326845,"USC00367186","PROMPTON DAM",41.5889,-75.3303,0.337434922413688
"52","01431500",41.4762,-75.172119,"USC00363758","HAWLEY 1 E",41.4764,-75.1653,0.568529740519171
"53","01432110",41.475923,-75.036281,"USC00363758","HAWLEY 1 E",41.4764,-75.1653,10.7487962373417
"54","01433500",41.461481,-74.758775,"USC00365470","MATAMORAS",41.3914,-74.7172,8.52881257502915
"55","01434021",42.011203,-74.414318,"USC00307799","SLIDE MTN",42.0167,-74.4167,0.642136406695619
"56","01435000",41.890092,-74.589879,"USC00303076","FROST VALLEY",41.9667,-74.55,9.13495015417508
"57","01436690",41.638064,-74.616883,"USC00307210","ROCK HILL 3 SW",41.5917,-74.6142,5.16026417196644
"58","01447500",41.130363,-75.625467,"USC00365160","LONG POND POCONO LAKE",41.1192,-75.5481,6.598129948862
"59","01447720",41.084808,-75.605467,"USC00365160","LONG POND POCONO LAKE",41.1192,-75.5481,6.14245025706406
"60","01447800",41.104806,-75.732136,"USC00360455","FRANCIS E WALTER DAM",41.1167,-75.7333,1.32614284442663
"61","01449360",40.897592,-75.502408,"USC00364672","KRESGEVILLE 2 W",40.9,-75.5333,2.61019912399215
"62","01449800",40.845648,-75.645744,"USC00360560","BELTZVILLE DAM",40.8619,-75.6428,1.8240241842078
"63","01454700",40.669266,-75.236288,"USC00362425","EASTON (1)",40.6833,-75.2167,2.27241365063626
"64","01463500",40.221667,-74.778056,"USC00288878","TRENTON 2",40.2333,-74.7667,1.61327783923933
"65","01465500",40.173998,-74.956834,"USC00366194","NESHAMINY FALLS",40.1483,-74.953,2.8760015269079
"66","01466500",39.885,-74.505278,"USC00281598","CHATSWORTH",39.8167,-74.5333,7.96243823024866
"67","01467087",40.015945,-75.096841,"USC00366901","PHILA GERMANTOWN",40.0167,-75.1667,5.9497769478244
"68","01470779",40.413426,-76.171613,"USC00369430","WERNERSVILLE 1 W",40.3333,-76.1,10.7788599017411
"69","01470960",40.370648,-76.025216,"USC00360785","BLUE MARSH LAKE",40.3803,-76.0275,1.0905533272047
"70","01471875",40.339538,-75.742136,"USC00363047","FREDERICKSVILLE 2 SE",40.4333,-75.6667,12.2278254197152
"71","01472157",40.151491,-75.601305,"USC00362116","DEVAULT 1 W",40.0833,-75.55,8.74796630533621
"72","01473000",40.229547,-75.451567,"USC00363435","GRATERFORD",40.2333,-75.45,0.438003223320999
"73","01473169",40.079274,-75.460748,"USC00369103","VALLEY FORGE NHP",40.0983,-75.4197,4.08280600965972
"74","01473500",40.111219,-75.34685,"USC00366370","NORRISTOWN",40.1097,-75.3369,0.862863917742229
"75","01474000",40.01539,-75.206846,"USC00366914","PHILA CENTENNIAL AVE",40,-75.1833,2.63633374019441
"76","01474500",39.967891,-75.188512,"USC00366886","PHILA FRANKLIN INST",39.9586,-75.1728,1.69128209920973
"77","01475510",39.929002,-75.272406,"USC00367166","PRIMOS",39.9206,-75.2928,1.97414102141653
"78","01475530",39.974835,-75.279907,"USC00366907","PHILADELPHIA UPPER DAR",39.9667,-75.2833,0.949657999343539
"79","01478000",39.637389,-75.727889,"USC00076405","NEWARK PUMPING STN",39.6667,-75.75,3.76908417124718
"80","01478650",39.689222,-75.74875,"USC00076410","NEWARK UNIV FARM",39.6694,-75.7514,2.21574223198961
"81","01479000",39.699222,-75.675028,"USW00013781","WILMINGTON NEW CASTLE CO AP",39.6728,-75.6008,6.99831323629166
"82","01480000",39.762806,-75.6365,"USC00079600","WILMINGTON CITY HALL",39.75,-75.55,7.53017259275777
"83","01480400",40.027326,-75.844945,"USC00361591","COATESVILLE 2 W",39.9847,-75.86,4.91018198500701
"84","01480500",39.985661,-75.827447,"USC00361589","COATESVILLE 1 SW",39.9667,-75.8333,2.16655185253335
"85","01480617",39.961773,-75.801334,"USC00361589","COATESVILLE 1 SW",39.9667,-75.8333,2.77883884377362
"86","01480870",39.968719,-75.673272,"USC00369464","W CHESTER 2 NW",39.9708,-75.635,3.26966038806007
"87","01481000",39.869833,-75.593262,"USC00369500","WESTTOWN",39.9333,-75.55,7.96385923334577
"88","01481500",39.769417,-75.573278,"USC00079605","WILMINGTON PORTER RSCH",39.7739,-75.5414,2.76966337749763
"89","01484525",38.594556,-75.291028,"USC00076020","MILLSBORO",38.5833,-75.3167,2.55833756394367
"90","01516350",41.794241,-77.080246,"USC00368868","TIOGA HAMMOND DAM",41.8975,-77.1419,12.5664343339196
"91","01518700",41.952574,-77.115249,"USC00364873","LAWRENCEVILLE 2 S",41.9667,-77.1333,2.16679269898071
"92","01520000",41.99674,-77.139972,"USC00361838","COWANESQUE DAM",41.9903,-77.1567,1.55689954791573
"93","01542500",41.117559,-78.108896,"USC00364450","KARTHAUS RIVER",41.1175,-78.1092,0.0262975722134391
"94","01544500",41.475899,-77.825825,"USC00368770","TAMARACK 2 S FIRE TO W",41.4,-77.85,8.67684840217191
"95","01545600",41.389512,-77.690819,"USC00367411","RENOVO 3 NNE",41.3667,-77.7333,4.35861344255345
"96","01547500",41.051731,-77.604438,"USC00365109","LOCK HAVEN SWG PLT",41.1311,-77.4336,16.8184079057659
"97","01549700",41.273683,-77.32414,"USC00364363","JERSEY SHORE",41.2,-77.25,10.27427792456
"98","01563200",40.428964,-77.991114,"USC00367312","RAYSTOWN LAKE 2",40.3814,-78.0753,8.87604623735224
"99","01567000",40.478417,-77.129148,"USC00366297","NEWPORT RIVER",40.4783,-77.1294,0.0249710723909583
"100","01572950",40.438978,-76.598299,"USC00364893","LEBANON 4 WNW",40.35,-76.4833,13.8828614311805
"101","01581752",39.496497,-76.34746,"USC00180732","BENSON POLICE BARRACKS",39.5,-76.3833,3.09974671768887
"102","01581920",39.618889,-76.690306,"USC00186844","PARKTON 2 SW",39.6333,-76.7,1.80473903206621
"103","01585230",39.330083,-76.534889,"USC00180475","BALTIMORE HAMILTON",39.35,-76.55,2.56778041109644
"104","01589290",39.361717,-76.761446,"USC00185790","MCDONOGH",39.4,-76.7667,4.2807595543307
"105","01591610",39.192194,-77.004389,"USC00181125","BRIGHTON DAM",39.1911,-77.0069,0.248246433324235
"106","01596500",39.570056,-79.101944,"USC00185894","MERRILL",39.6,-79.0833,3.6931088826707
"107","01597500",39.50275,-79.123972,"USC00188065","SAVAGE RIVER DAM",39.51,-79.14,1.59397817046523
"108","01608500",39.447039,-78.654182,"USC00468409","SPRINGFIELD 1 N",39.4667,-78.7,4.50034876473839
"109","01616100",39.192592,-78.068631,"USC00449186","WINCHESTER 7 SE",39.1833,-78.1167,4.2697114116385
"110","01636316",39.067025,-78.003753,"USC00445853","MT WX 3",39.0656,-77.895,9.39037881969221
"111","01636500",39.282046,-77.789161,"USC00461588","CHARLES TOWN 2 SE",39.2981,-77.8344,4.28298480454545
"112","01645704",38.884695,-77.332429,"USC00448737","VIENNA",38.8922,-77.2892,3.83344040854809
"113","01645762",38.908889,-77.338263,"USC00448737","VIENNA",38.8922,-77.2892,4.63355740650847
"114","01646000",38.975943,-77.245814,"USC00183850","GREAT FALLS",39,-77.25,2.69937157741002
"115","01646305",38.95978,-77.17567,"USC00180795","BETHESDA",38.9667,-77.1167,5.15625776246612
"116","01646500",38.949778,-77.127639,"USC00182325","DALECARLIA RSVR",38.9386,-77.1133,1.75575713795019
"117","01649190",39.033139,-76.964278,"USC00180705","BELTSVILLE PLT STN 5",39.0167,-76.95,2.20513080188084
"118","01649500",38.96025,-76.925972,"USC00187615","RIVERDALE",38.9667,-76.9333,0.956975332077117
"119","01650800",38.986222,-77.004861,"USC00188725","TAKOMA PARK MISS AVE",38.9833,-77,0.531126586348675
"120","01651000",38.952333,-76.966056,"USC00181180","BROOKSIDE MANOR",38.9667,-76.9667,1.59850764253739
"121","01651800",38.901111,-76.942194,"USC00186350","NATL ARBORETUM DC",38.9133,-76.97,2.76148491219504
"122","01654000",38.812891,-77.228316,"USC00440216","ANNANDALE",38.8167,-77.2,2.48960231798391
"123","01656903",38.88239,-77.431905,"USC00441570","CHANTILLY",38.8833,-77.4333,0.157540241953812
"124","01658000",38.596139,-77.056028,"USC00185080","LA PLATA 1 W",38.5333,-77,8.5177983837701
"125","01673000",37.767642,-77.332202,"USW00093775","ASHLAND HANOVER CO MUNI AP",37.7081,-77.4344,11.162299200437
"126","02011400",38.042347,-79.881444,"USC00444128","HOT SPRINGS",37.9994,-79.8322,6.43529522430243
"127","02011500",38.069569,-79.897,"USC00445756","MTN GROVE",38.1025,-79.8872,3.76086798287802
"128","02011800",37.948458,-79.949224,"USC00443310","GATHRIGHT DAM",37.9458,-79.9542,0.527003886172975
"129","02042500",37.436258,-77.060803,"USC00445830","MT MORIAH FM MINDES ST",37.2833,-77.05,17.034932282113
"130","02072000",36.780693,-80.024765,"USC00446692","PHILPOTT DAM 2",36.7764,-80.0272,0.52431236703532
"131","02073000",36.661249,-79.880595,"USC00445300","MARTINSVILLE FLTR PLT",36.7056,-79.865,5.12392796722963
"132","02077200",36.397778,-79.196667,"USC00319704","YANCEYVILLE 4 SE",36.3772,-79.255,5.70099520535125
"133","02077303",36.5225,-78.9975,"USC00447925","S BOSTON",36.6953,-78.8808,21.8563484857161
"134","02101726",35.73514,-79.42308,"USC00317924","SILER CITY 2 N",35.7606,-79.4622,4.52530587045397
"135","02110701",33.861,-79.04115,"USC00381997","CONWAY",33.8314,-79.0558,3.55859263544392
"136","02110704",33.829893,-79.043647,"USC00381997","CONWAY",33.8314,-79.0558,1.13498852385363
"137","02111000",35.990833,-81.558333,"USC00316602","PATTERSON",35.9983,-81.565,1.0242753317158
"138","02135000",34.057108,-79.24699,"USC00381495","CENTENARY",34.05,-79.35,9.5228183382685
"139","02137727",35.685833,-82.060278,"USC00315340","MARION",35.6847,-82.0083,4.69614821826538
"140","02148000",34.244594,-80.65397,"USC00381310","CAMDEN 3 W",34.2428,-80.6564,0.299475144635112
"141","02148315",33.828489,-80.620365,"USC00389044","WEDGEFIELD 6 S",33.8167,-80.5,11.195946489248
"142","02156500",34.59625,-81.422042,"USC00387722","SANTUCK",34.635,-81.5206,9.99556549720901
"143","02160105",34.535416,-81.548158,"USC00387722","SANTUCK",34.635,-81.5206,11.356981624026
"144","02163001",34.614837,-82.444015,"USC00389122","W PELZER",34.6428,-82.4547,3.25941792630807
"145","02168504",34.050982,-81.209542,"USC00382630","EAU CLAIRE",34.0167,-81.0667,13.7034835127413
"146","02169000",34.014042,-81.087872,"USC00382630","EAU CLAIRE",34.0167,-81.0667,1.97363827512675
"147","02172300",33.753477,-81.601771,"USC00385954","MONETTA",33.8333,-81.6333,9.34187143507589
"148","02201000",32.975709,-82.609854,"USC00097777","SANDERSVILLE",32.9744,-82.8045,18.1576016575546
"149","02203603",33.683889,-84.415278,"USW00013874","ATLANTA HARTSFIELD INTL AP",33.63,-84.4417,6.47199558711953
"150","02203655",33.678997,-84.357981,"USC00090456","ATLANTA WB CITY",33.75,-84.3833,8.23516756639397
"151","02203700",33.688997,-84.33048,"USC00090446","ATLANTA KIRKWOOD",33.75,-84.3167,6.90191587495527
"152","02205000",34.001944,-84.005,"USC00090485","AUBURN",34.0167,-83.8333,15.9112130000759
"153","02206500",33.853161,-84.07908,"USW00093830","ATLANTA NAS",33.8667,-84.3,20.4544538224974
"154","02207120",33.772885,-84.058248,"USC00090446","ATLANTA KIRKWOOD",33.75,-84.3167,24.0271695222272
"155","02207185",33.778163,-84.037969,NA,NA,NA,NA,NA
"156","02207385",33.815107,-83.990188,NA,NA,NA,NA,NA
"157","02207400",33.821497,-83.942408,"USC00099466","WINDER 4S",33.9275,-83.7261,23.1888430034434
"158","02208150",33.917607,-83.887958,"USC00090485","AUBURN",34.0167,-83.8333,12.1168420718069
"159","02208450",33.640116,-83.779067,"USC00092318","COVINGTON",33.5972,-83.8436,7.64718177759635
"160","02212600",33.099854,-83.72351,"USR0000GBRE","BRENDER GEORGIA",33.0097,-83.7397,10.137586495788
"161","02215000",32.280718,-83.461006,"USC00094170","HAWKINSVILLE",32.2842,-83.4681,0.771132628373138
"162","02215500",31.920183,-82.674027,"USC00095386","LUMBER CITY",31.9297,-82.6792,1.16542750534857
"163","02217274",34.08233,-83.85462,"USC00090485","AUBURN",34.0167,-83.8333,7.55744478254069
"164","02218565",34.010383,-83.894068,"USC00090485","AUBURN",34.0167,-83.8333,5.64486414457639
"165","02219000",33.788176,-83.474051,"USW00063850","WATKINSVILLE 5 SSE",33.7836,-83.3897,7.81201173531204
"166","02223056",32.939873,-83.066815,"USC00095696","MC INTYRE 1 WNW",32.85,-83.2167,17.1961720084051
"167","02225000",31.939083,-82.35346,"USC00090670","BAXLEY 5NNW",31.8414,-82.3756,11.0611521943789
"168","02226500",31.238274,-82.324571,"USC00099186","WAYCROSS 4 NE",31.2514,-82.3128,1.83915968991393
"169","02228000",31.220641,-81.865665,"USC00096219","NAHUNTA 6NE",31.2739,-81.9197,7.83954765024441
"170","02232400",28.369728,-80.872558,"USC00085643","MERRITT ISLAND",28.35,-80.7,17.0266122710778
"171","02234000",28.714161,-81.035337,"USC00088051","SCOTTSMOOR 2.5 SSW",28.73,-80.8794,15.307635517245
"172","02236000",29.008318,-81.382565,"USC00087838","ST. FRANCIS",29.0333,-81.3833,2.77879082390333
"173","02244040",29.596358,-81.683138,"USC00086753","PALATKA",29.6439,-81.6606,5.71775313211181
"174","02245260",29.729691,-81.486744,"USC00083874","HASTINGS 4NE",29.7653,-81.4697,4.28783006757107
"175","02246459",30.282184,-81.740376,"USC00085950","MORTON'S FM DUVAN FM",30.3333,-81.6833,7.89475960631345
"176","02264000",28.390563,-81.519517,"USC00086634","ORLANDO W",28.5083,-81.5467,13.3587764653036
"177","02264100",28.333065,-81.522017,"USC00084620","KISSIMMEE",28.3,-81.4167,10.9454061453119
"178","02266200",28.385007,-81.616463,"USC00081641","CLERMONT 9 S",28.4558,-81.7233,13.0815050998098
"179","02266300",28.332787,-81.579796,"USC00084620","KISSIMMEE",28.3,-81.4167,16.3763584864039
"180","02292900",26.723957,-81.698415,"USW00012894","FT MYERS SW FL RGNL AP",26.5361,-81.755,21.6327238657314
"181","02297100",27.166718,-81.879528,"USC00080228","ARCADIA",27.2178,-81.8742,5.70445164044001
"182","02301500",27.872248,-82.211201,"USC00087205","PLANT CITY",28.0236,-82.1422,18.1431059807604
"183","02304510",28.02113,-82.43454,"USC00088890","TEMPLE TERRACES",28.05,-82.3833,5.96629422521404
"184","02310650",28.715264,-82.576766,"USC00080540","BAYPORT",28.55,-82.6167,18.7852710918357
"185","02310700",28.785261,-82.617878,NA,NA,NA,NA,NA
"186","02313700",29.20413,-82.769,"USC00089120","USHER TWR",29.4083,-82.8186,23.2064959435048
"187","02314500",30.680556,-82.560556,"USC00093312","FARGO",30.6908,-82.5633,1.16891267528611
"188","02315550",30.392999,-82.933187,"USC00085099","LIVE OAK",30.2889,-82.965,11.9711128606883
"189","02317500",30.704101,-83.033196,"USC00098271","STATENVILLE 6 NE",30.7644,-82.9,14.3882609001434
"190","02317620",30.598269,-83.073195,"USC00084393","JASPER 5 WNW",30.5333,-83.0167,9.0248131421062
"191","02318500",30.793056,-83.453611,"USC00097276","QUITMAN 2 NW",30.7836,-83.5692,11.0914257937366
"192","02318700",30.825556,-83.5625,"USC00097276","QUITMAN 2 NW",30.7836,-83.5692,4.70897473117974
"193","02319000",30.595487,-83.259591,"USC00085275","MADISON",30.4653,-83.4022,19.9028763620096
"194","02319800",30.244943,-83.249584,"USC00085539","MAYO",30.1064,-83.1819,16.7228507060473
"195","02321500",29.921907,-82.426225,"USC00084723","LAKE BUTLER",29.9453,-82.3314,9.50055420140527
"196","02322700",29.952733,-82.785957,"USC00080598","BELL 4NW",29.7956,-82.9178,21.6075272401234
"197","02323592",29.339406,-83.086515,"USR0000FLSU","LOWER SUWANNEE FLORIDA",29.3731,-83.0344,6.28867900257905
"198","02327033",30.188258,-84.408235,"USC00086828","PANACEA 1 S",29.9989,-84.485,22.3132922565212
"199","02327100",30.129369,-84.494348,"USC00087950","SANBORN TWR",30.0667,-84.6,12.3233899128787
"200","02330450",34.700833,-83.728889,"USC00094230","HELEN",34.6997,-83.7261,0.284392181290021
"201","02333500",34.528056,-83.939722,"USC00092475","DAHLONEGA 4WSW",34.5069,-84.0208,7.79191339469458
"202","02334430",34.156944,-84.078889,"USC00092408","CUMMING 2N",34.2286,-84.1281,9.16361893543744
"203","02334480",34.1326,-84.069911,"USC00092408","CUMMING 2N",34.2286,-84.1281,11.9415646902555
"204","02334578",34.096489,-84.079634,"USC00092408","CUMMING 2N",34.2286,-84.1281,15.3519777339215
"205","02334885",34.032323,-84.089356,"USC00092408","CUMMING 2N",34.2286,-84.1281,22.1144305777133
"206","02335000",33.997222,-84.201944,"USW00053863","ATLANTA PEACHTREE AP",33.875,-84.3022,16.4391331597526
"207","02335350",33.965101,-84.264923,"USW00053863","ATLANTA PEACHTREE AP",33.875,-84.3022,10.5927661670119
"208","02335450",33.985934,-84.316036,"USW00053863","ATLANTA PEACHTREE AP",33.875,-84.3022,12.4011716096529
"209","02335700",34.050556,-84.269444,"USC00090219","ALPHARETTA 4 SSW",34.1014,-84.3506,9.37195299682735
"210","02335815",33.968056,-84.382778,"USW00053863","ATLANTA PEACHTREE AP",33.875,-84.3022,12.741497415703
"211","02335870",33.953889,-84.443333,"USW00013864","MARIETTA DOBBINS AFB",33.9167,-84.5167,7.93172499997452
"212","02336000",33.859167,-84.454444,"USW00013864","MARIETTA DOBBINS AFB",33.9167,-84.5167,8.59942008250427
"213","02336030",33.905658,-84.224921,"USW00053863","ATLANTA PEACHTREE AP",33.875,-84.3022,7.9058799686237
"214","02336120",33.831493,-84.342703,"USW00093830","ATLANTA NAS",33.8667,-84.3,5.55675479287733
"215","02336240",33.802883,-84.340759,"USC00090446","ATLANTA KIRKWOOD",33.75,-84.3167,6.28673133895211
"216","02336300",33.819444,-84.407778,"USC00090456","ATLANTA WB CITY",33.75,-84.3833,8.04636976407174
"217","02336360",33.869167,-84.378889,"USW00053863","ATLANTA PEACHTREE AP",33.875,-84.3022,7.10983244662836
"218","02336410",33.838438,-84.439373,"USW00003888","ATLANTA FULTON CO AP",33.7792,-84.5214,10.041091918625
"219","02336526",33.794273,-84.474375,"USW00003888","ATLANTA FULTON CO AP",33.7792,-84.5214,4.65783846808493
"220","02336728",33.743441,-84.568266,"USW00003888","ATLANTA FULTON CO AP",33.7792,-84.5214,5.88050150836983
"221","02337000",33.772885,-84.614656,"USW00003888","ATLANTA FULTON CO AP",33.7792,-84.5214,8.64793825123341
"222","02337170",33.656667,-84.673611,"USC00092791","DOUGLASVILLE 4 S",33.7006,-84.7303,7.16800282120294
"223","02337410",33.653806,-84.821028,"USC00092791","DOUGLASVILLE 4 S",33.7006,-84.7303,9.87706575210145
"224","02337498",33.527222,-84.936389,"USC00096335","NEWNAN 7 WNW",33.3997,-84.915,14.3179394972402
"225","02338523",33.340672,-85.22689,"USC00093567","FRANKLIN",33.2833,-85.1,13.406364612178
"226","02344630",33.36039,-84.58632,"USW00053819","ATLANTA",33.3633,-84.5658,1.93300024954637
"227","02350600",32.0525,-84.548333,"USC00097087","PLAINS SW GA EXP STN",32.0467,-84.3711,16.7162288247317
"228","02350900",31.764444,-84.253333,"USC00095061","LEESBURG 2",31.7633,-84.1869,6.28190924651367
"229","02353000",31.306944,-84.338889,"USC00096356","NEWTON 5 W",31.2897,-84.4158,7.55493256426736
"230","02357150",30.904077,-84.749086,"USC00092593","DECATUR CO FIRE & RESCUE",30.9772,-84.6367,13.4535204952862
"231","02358000",30.701025,-84.859087,"USC00099519","WOODRUFF DAM",30.7167,-84.8667,1.8888368779597
"232","02359170",29.949371,-85.015469,"USR0000FSUM","SUMATRA FLORIDA",30.0175,-84.9842,8.15227786443048
"233","02382500",34.603697,-84.695491,"USC00096625","OAKMAN",34.5667,-84.7167,4.54903439063108
"234","02385800",34.716667,-84.77,"USC00097350","RAMHURST",34.7,-84.7333,3.83259164979337
"235","02388975",34.40898,-84.01963,"USR0000GDAW","DAWSONVILLE GEORGIA",34.3761,-84.0597,5.1850764800128
"236","02389150",34.357318,-84.113525,"USC00092583","DAWSONVILLE WB",34.35,-84.1333,1.98936387126405
"237","02392000",34.239929,-84.494673,"USC00091585","CANTON",34.2072,-84.5039,3.73686800954647
"238","02394000",34.163153,-84.741047,"USC00090180","ALLATOONA DAM",34.1667,-84.7333,0.814612295905603
"239","02397000",34.200373,-85.25662,"USC00097600","ROME",34.2414,-85.1583,10.1258505540399
"240","02400100",34.065098,-85.614129,"USC00011490","CENTRE",34.15,-85.6847,11.4604307003996
"241","02405500",33.447607,-86.386924,"USC00016328","PELL CITY 2 W",33.6,-86.3167,18.1526758987935
"242","02407514",33.320667,-86.495259,"USC00011620","CHILDERSBURG WTP",33.285,-86.3431,14.6864533089901
"243","02413300",33.437335,-85.399118,"USC00018692","WEDOWEE",33.3678,-85.4983,12.0228714485806
"244","02419890",32.439859,-86.195522,"USC00018862","WETUMPKA 8 SE",32.4464,-86.1417,5.102763040286
"245","02423130",33.622325,-86.599431,"USC00016478","PINSON",33.6906,-86.685,10.970917300025
"246","02423397",33.534549,-86.562485,"USW00013876","BIRMINGHAM AP",33.5656,-86.745,17.2625154962853
"247","02423496",33.369277,-86.784155,"USC00016000","OAK MTN STATE PARK HQ",33.3264,-86.7561,5.43340492151271
"248","02455980",33.711213,-86.696101,"USC00016478","PINSON",33.6906,-86.685,2.51159987453144
"249","02457595",33.597049,-86.868048,"USC00010836","BIRMINGHAM",33.5333,-86.8333,7.7854481080499
"250","02458450",33.517606,-86.879158,"USC00010836","BIRMINGHAM",33.5333,-86.8333,4.59514265996083
"251","02474560",31.221667,-89.053056,"USC00220585","BEAUMONT EXP.STATION",31.2353,-88.9186,12.8741097238318
"252","02479155",31.025278,-89.016667,"USC00221098","BROOKLYN 2 SE",31.0333,-89.1667,14.3234505072171
"253","02481510",30.483611,-89.274444,"USC00225165","LONG BEACH",30.3514,-89.1611,18.2825142689054
"254","03007800",41.818676,-78.292791,"USC00367103","PORT ALLEGANY",41.8158,-78.2872,0.562979040070792
"255","03012550",41.841449,-79.011985,"USC00364571","KINZUA DAM",41.8422,-79.0169,0.415629290255972
"256","03020000",41.478951,-79.44588,"USC00368873","TIONESTA 2 SE LAKE",41.4792,-79.4433,0.216708021814156
"257","03022540",41.690612,-80.048112,"USC00367734","SAEGERSTOWN",41.7167,-80.1167,6.39036415418173
"258","03022554",41.69589,-80.10811,"USC00367734","SAEGERSTOWN",41.7167,-80.1167,2.42135114683921
"259","03027500",41.553118,-78.596135,"USC00363311","GLEN HAZEL 2 NE DAM",41.5631,-78.6014,1.19327052994754
"260","03028000",41.57534,-78.692249,"USC00364437","KANE 5 SE",41.6,-78.7667,6.77187974810578
"261","03034000",40.939231,-79.008367,"USC00367217","PUNXSUTAWNEY",40.95,-79,1.38843790276219
"262","03036000",40.927565,-79.291151,"USC00367229","PUTNEYVILLE 2 SE DAM",40.9247,-79.2825,0.793557132355843
"263","03038000",40.654788,-79.348651,"USC00361881","CREEKSIDE",40.6833,-79.2,12.9318523165853
"264","03039000",40.720342,-79.511433,"USC00362942","FORD CITY 4 S DAM",40.7131,-79.5144,0.843204807364825
"265","03042000",40.473402,-79.183367,"USC00360736","BLAIRSVILLE 6 ENE",40.45,-79.15,3.83928655052414
"266","03044000",40.454512,-79.390872,"USC00365212","LOYALHANNA LAKE",40.4586,-79.4503,5.04859087900269
"267","03047000",40.458889,-79.449444,"USC00365212","LOYALHANNA LAKE",40.4586,-79.4503,0.0792315647354453
"268","03056000",39.319815,-80.025078,"USC00468986","TYGART DAM",39.3133,-80.03,0.839102846401012
"269","03057000",39.435087,-80.132579,"USC00462920","FAIRMONT",39.4667,-80.1333,3.51575028483267
"270","03058000",39.004528,-80.473361,"USC00468522","STONEWALL JACKSON DAM",39.0047,-80.4739,0.050348464998714
"271","03061000",39.422308,-80.275919,"USC00462920","FAIRMONT",39.4667,-80.1333,13.2039539618911
"272","03066000",39.127052,-79.468385,"USC00462209","DAVIS",39.1333,-79.4667,0.709785687795685
"273","03067510",38.61706,-79.86978,"USC00461591","CHEAT BRG",38.6106,-79.8772,0.965192916571499
"274","03069500",39.122884,-79.681174,"USC00466871","PARSONS 2 N",39.1167,-79.6833,0.711668500443285
"275","03072655",39.825077,-79.922833,"USC00363451","GRAYS LANDING",39.7833,-79.9167,4.67484004323256
"276","03073000",39.923131,-80.072558,"USC00369367","WAYNESBURG 1 E",39.8986,-80.1656,8.3913906697716
"277","03075070",40.262292,-79.90116,"USC00361461","CLAIRTON",40.3,-79.8667,5.11133769303147
"278","03076500",39.653611,-79.408306,"USC00183401","FRIENDSVILLE",39.6667,-79.4,1.61982141630183
"279","03077500",39.805355,-79.364202,"USC00361705","CONFLUENCE 1 SW DAM",39.7994,-79.3664,0.688273172924919
"280","03079000",39.8598,-79.227531,"USC00366022","MT DAVIS",39.7997,-79.1883,7.47547146168224
"281","03081000",39.827577,-79.372535,"USC00361710","CONFLUENCE 1 NW",39.8333,-79.3667,0.808224492554107
"282","03083500",40.24007,-79.806434,"USC00361461","CLAIRTON",40.3,-79.8667,8.39950357303725
"283","03086500",40.932836,-81.094541,"USC00330600","BELOIT",40.9167,-81,8.14304863906383
"284","03090500",41.048391,-81.001203,"USC00332580","ELLSWORTH",41.0167,-80.85,13.1631216457319
"285","03091500",41.131446,-80.971202,"USC00334700","LORDSTOWN",41.15,-80.8667,8.99095082471318
"286","03092090",41.161445,-81.197045,"USC00336949","RAVENNA 2 S",41.1333,-81.2833,7.87120651048723
"287","03092460",41.157001,-81.071762,"USC00330195","APCO RAVENNA ARSENAL",41.1667,-81.0833,1.44777554063179
"288","03094000",41.239223,-80.880642,"USC00338764","WARREN",41.2333,-80.8167,5.38713519157673
"289","03095500",41.299779,-80.758414,"USC00335505","MOSQUITO CREEK LAKE",41.2986,-80.7647,0.541236034121578
"290","03098600",41.105058,-80.662576,"USC00335356","MINERAL RIDGE WTR WKS",41.15,-80.7833,11.2790047500178
"291","03099500",41.036726,-80.536182,"USC00366233","NEW CASTLE 1 N",41.0172,-80.3614,14.8215692276604
"292","03102850",41.353666,-80.397845,"USC00363526","GREENVILLE 2 NE",41.4167,-80.3667,7.47518317208719
"293","03103500",41.266167,-80.47257,"USC00362814","FARRELL SHARON",41.2167,-80.5167,6.62342736313516
"294","03106000",40.817009,-80.242284,"USC00369974","ZELIENOPLE",40.7894,-80.1867,5.59581657134298
"295","03121850",40.597285,-81.359001,"USC00332270","DOVER",40.5333,-81.4833,12.6831833725837
"296","03189100",38.290945,-80.640924,"USC00467502","RICHWOOD",38.25,-80.55,9.15058783528249
"297","03193000",38.138163,-81.214274,"USC00460202","ANSTEAD HAWKS NEST SP",38.1211,-81.1178,8.64902832328921
"298","03200500",38.338983,-81.841518,"USC00468893","TORNADO 2 NW",38.3614,-81.8497,2.59276094823943
"299","03214500",37.837319,-82.408758,"USC00464816","KERMIT",37.8333,-82.4,0.889527634880722
"300","03228300",40.236174,-82.851289,"USC00338951","WESTERVILLE",40.1267,-82.9442,14.507996969336
"301","03228805",40.182285,-82.961571,"USC00339332","WORTHINGTON 5 N",40.1667,-83.0167,4.99418959376906
"302","03232470",39.252287,-83.349358,"USC00333356","GREENFIELD WWTP",39.3417,-83.3767,10.2168704188771
"303","03238140",39.09728,-84.48272,"USW00003871","CINCINNATI WSO CITY",39.1,-84.5167,2.94782997922162
"304","03238745",38.951453,-84.338271,"USC00335908","NEW RICHMOND",38.9667,-84.2833,5.04636596610877
"305","03238772",38.98667,-84.36528,"USC00335908","NEW RICHMOND",38.9667,-84.2833,7.42636751679126
"306","03254480",38.844444,-84.532222,"USR0000KCRI","CRITTENDEN KENTUCKY",38.7692,-84.6019,10.3177136343041
"307","03254550",38.98,-84.54222,"USC00157211","SCOTT",38.9667,-84.55,1.62464127660683
"308","03260015",39.08534,-84.55772,"USC00331570","CINCINNATI PRICE HILL",39.1,-84.55,1.76101340501315
"309","03260050",39.05895,-84.61606,"USW00093814","CINCINNATI NORTHERN KY AP",39.0431,-84.6717,5.11769435817005
"310","03260100",39.079722,-84.685278,"USW00093814","CINCINNATI NORTHERN KY AP",39.0431,-84.6717,4.23756863011719
"311","03262001",39.03,-84.804167,"USC00124880","LAWRENCEBURG",39.0917,-84.8556,8.17249996510493
"312","03265000",40.057829,-84.356059,"USC00336650","PIQUA WWTP",40.1311,-84.2344,13.1709100015232
"313","03275500",39.806715,-84.907183,"USC00127370","RICHMOND WTR WKS",39.8544,-84.8778,5.86600729123237
"314","03276000",39.43394,-85.003293,"USC00121030","BROOKVILLE",39.4239,-85.0144,1.4684642107851
"315","03277075",38.994167,-84.716111,"USW00093814","CINCINNATI NORTHERN KY AP",39.0431,-84.6717,6.65779583932435
"316","03277130",38.845064,-84.72078,"USC00155706","NAPOLEON",38.7608,-84.7922,11.2291659330639
"317","03289000",38.043132,-84.626332,"USW00093820","LEXINGTON BLUEGRASS AP",38.0408,-84.6058,1.81664315657518
"318","03289200",38.103687,-84.587998,"USC00153408","GREENDALE",38.1,-84.5333,4.80365522047896
"319","03292500",38.211459,-85.702461,"USW00013810","LOUISVILLE BOWMAN FLD",38.2281,-85.6636,3.86641547287891
"320","03293000",38.237293,-85.664683,"USW00013810","LOUISVILLE BOWMAN FLD",38.2281,-85.6636,1.02658237608899
"321","03293500",38.250349,-85.716629,"USC00151531","CHEROKEE PK LOUISVILLE",38.25,-85.75,2.91431583643732
"322","03306000",37.240341,-85.347185,"USC00151256","CAMPBELLSVILLE 2 SSW",37.3167,-85.3667,8.6645171628509
"323","03307000",37.119228,-85.393852,"USC00151722","COLUMBIA",37.1,-85.3,8.59267116800561
"324","03311500",37.206992,-86.261087,"USW00063849","BOWLING GREEN 21 NNE",37.2503,-86.2325,5.44023989285356
"325","03313000",36.895046,-86.133873,"USC00150422","BARREN RVR LAKE",36.8978,-86.1247,0.871297425574392
"326","03323500",40.855601,-85.498031,"USC00124181","HUNTINGTON",40.8556,-85.4981,0.0058042041470634
"327","03324500",40.811711,-85.68387,"USC00129138","WABASH",40.7917,-85.8258,12.1519643386453
"328","03327000",40.723375,-85.957489,"USC00126864","PERU",40.7647,-86.0739,10.8301973425952
"329","03339000",40.10087,-87.597242,"USC00112145","DANVILLE SEWAGE PLT",40.1019,-87.5961,0.150172504359589
"330","03340900",39.711432,-87.071402,"USC00127522","ROCKVILLE",39.7594,-87.2269,14.3264562694682
"331","03353611",39.714489,-86.200543,"USC00124264","INDIANAPOLIS MONUMT CY",39.7667,-86.1667,6.48678186070753
"332","03354000",39.497548,-86.40055,"USC00125407","MARTINSVILLE 2 SW",39.4039,-86.453,11.3452767770219
"333","03359000",39.487544,-86.924734,"USC00120922","BRAZIL",39.5108,-87.1242,17.3087919256881
"334","03372500",39.004493,-86.508606,"USR0000IHAR","HARDIN RIDGE INDIANA",39,-86.4228,7.43147540289148
"335","03373980",38.52838,-87.2539,"USC00126872","PETERSBURG 61 BRG",38.465,-87.2658,7.12321765140265
"336","03374500",38.442,-86.714159,"USC00126711","PATOKA LAKE",38.4353,-86.7033,1.20396334995094
"337","03400800",36.75231,-83.257401,"USC00153623","HARLAN 3S",36.8058,-83.3442,9.75379401159332
"338","03432100",35.832565,-86.698886,"USC00402711","EAGLEVILLE 1S",35.7286,-86.6436,12.5902763839589
"339","03433500",36.054563,-86.92851,"USC00409431","WARNER PARK",36.0608,-86.9064,2.10505186227297
"340","03433640",35.905343,-87.098895,"USC00402989","FAIRVIEW BOWIE NAT CTR",35.9689,-87.1364,7.83242384718069
"341","03434500",36.122003,-87.098894,"USC00404876","KINGSTON SPRINGS",36.1033,-87.1153,2.54892152787221
"342","03446000",35.398056,-82.595,"USC00313986","HENDERSONVILLE 8 WNW",35.3833,-82.5667,3.04519965525313
"343","03447687",35.4275,-82.548056,"USC00313106","FLETCHER 3 W",35.4267,-82.5569,0.806255980019937
"344","03451500",35.608889,-82.578056,"USW00013872","ASHEVILLE",35.5953,-82.5567,2.45177568229314
"345","03456991",35.523056,-82.846667,"USC00311441","CANTON 1 SW",35.5167,-82.85,0.768435678172018
"346","03460000",35.6675,-83.073611,"USC00311564","CATALOOCHEE",35.6375,-83.0956,3.88267595942674
"347","03460795",35.78361,-83.11194,"USC00319123","WATERVILLE 2",35.7744,-83.0997,1.50598278556234
"348","03497300",35.664533,-83.711282,"USC00409065","TOWNSEND 5S",35.6031,-83.7781,9.11746949686207
"349","03512000",35.461389,-83.353611,"USC00312285","DEEP CREEK",35.4667,-83.4333,7.24123672788139
"350","0351706800",35.438333,-83.918889,"USC00318492","TAPOCO",35.4478,-83.9389,2.09626922724838
"351","03527220",36.57281,-82.93875,"USC00407884","ROGERSVILLE 1 NE",36.4161,-82.9839,17.8866553089971
"352","03539778",36.103129,-84.718277,"USC00405040","LANCING 6 NW",36.15,-84.7283,5.28898957616866
"353","03544970",34.883982,-83.721562,"USC00094281","HIAWASSEE 3 SE",34.8847,-83.7161,0.50456790997992
"354","03582000",35.134527,-86.539717,"USC00403074","FAYETTEVILLE WTP",35.1342,-86.5419,0.201815259173924
"355","03597860",35.4829,-86.462597,"USC00408246","SHELBYVILLE WATER DEPT",35.4922,-86.4775,1.70000853271747
"356","03598000",35.48035,-86.499161,"USC00408246","SHELBYVILLE WATER DEPT",35.4922,-86.4775,2.36274523289887
"357","03601630",35.87201,-87.103895,"USC00402989","FAIRVIEW BOWIE NAT CTR",35.9689,-87.1364,11.1642161927504
"358","03604000",35.495906,-87.832804,"USC00405278","LINDEN WTP",35.6047,-87.8408,12.1189498748503
"359","04024000",46.703276,-92.418802,"USC00211630","CLOQUET",46.7053,-92.5239,8.01724557414435
"360","04040000",46.720774,-89.207086,"USC00208506","VICTORIA",46.6667,-89.2333,6.33643521771108
"361","04041500",46.726323,-88.662079,"USC00200495","BARAGA 5W",46.7953,-88.6014,8.95496453512098
"362","04043140",46.751043,-88.361797,"USC00204623","L ANSE 2 S",46.7333,-88.45,7.00465145376663
"363","04043150",46.804097,-88.317072,"USC00207580","SKANEE",46.8789,-88.2183,11.2081498086557
"364","04043238",46.782148,-87.87763,"USC00200771","BIG BAY 9SW",46.7461,-87.8817,4.02032487834187
"365","04043244",46.785759,-87.852352,"USC00200771","BIG BAY 9SW",46.7461,-87.8817,4.9440608584647
"366","04043275",46.713539,-87.840687,"USC00200771","BIG BAY 9SW",46.7461,-87.8817,4.78331987968396
"367","04059000",45.908573,-87.213748,"USC00201800","CORNELL 4 WSW",45.8833,-87.3,7.24229580387661
"368","04059500",45.755523,-87.201524,"USC00201802","CORNELL 5SE",45.8269,-87.1589,8.59731157704993
"369","04063700",45.76357,-88.463179,"USC00473174","GOODMAN SANITARY DIST",45.6214,-88.3603,17.7133319777011
"370","04067500",45.325809,-87.663446,"USC00207867","STEPHENSON 5WSW",45.3903,-87.7025,7.79330094405118
"371","04069500",45.047486,-87.74455,"USC00476510","PESHTIGO",45.0281,-87.7358,2.26261250709739
"372","04071765",44.860546,-87.983993,"USC00476208","OCONTO 4 W",44.8919,-87.955,4.16823231746031
"373","04072150",44.535833,-88.129722,"USC00473271","GREEN BAY BOTANICAL",44.5331,-88.0981,2.52480822370328
"374","04073500",43.95387,-88.952614,"USC00470735","BERLIN LOCK",43.9667,-88.95,1.44189152408314
"375","04079000",44.392203,-88.740381,"USC00475932","NEW LONDON",44.3586,-88.7189,4.10805903642034
"376","04081000",44.32915,-88.99595,"USC00478951","WAUPACA",44.3547,-89.0594,5.79067185371176
"377","04082400",44.013595,-88.540947,"USC00476330","OSHKOSH",44.0206,-88.5578,1.5565433646236
"378","04084445",44.248042,-88.423163,"USC00470265","APPLETON",44.2769,-88.4378,3.41399666784456
"379","040851385",44.528604,-88.010104,"USC00473271","GREEN BAY BOTANICAL",44.5331,-88.0981,6.993146341866
"380","04085427",44.107217,-87.715364,"USC00475017","MANITOWOC",44.0869,-87.6522,5.52683539942717
"381","04087119",43.043902,-88.002865,"USC00479046","WEST ALLIS",43.0175,-88.0017,2.93729523776875
"382","040871488",42.98974,-87.95203,"USC00475469","MILWAUKEE MARQUETTE HI",43.0333,-87.9667,4.9883548289649
"383","04087170",43.02446,-87.89842,"USC00475484","MILWAUKEE WB CITY",43.0333,-87.9,0.991317674218409
"384","04101500",41.829214,-86.259732,"USC00205892","NILES",41.8406,-86.2658,1.36222268001518
"385","04121944",43.430858,-85.595599,"USC00205803","NEWAYGO HARDY DAM",43.4833,-85.6333,6.57753790469724
"386","04121970",43.434746,-85.665324,"USC00205803","NEWAYGO HARDY DAM",43.4833,-85.6333,5.98578692406732
"387","04124000",44.436392,-85.698679,"USC00200917","BOON",44.3,-85.6333,16.0317908280864
"388","04124200",44.36306,-85.820905,"USC00208772","WELLSTON TIPPY DAM",44.2586,-85.9394,14.9602799922622
"389","04125550",44.25945,-85.941742,"USC00208772","WELLSTON TIPPY DAM",44.2586,-85.9394,0.209091057509656
"390","04136000",44.676959,-84.292515,"USC00205531","MIO HYDRO PLT",44.6614,-84.1317,12.8342879910438
"391","04136500",44.660014,-84.131117,"USC00205531","MIO HYDRO PLT",44.6614,-84.1317,0.160866173485355
"392","04137005",44.560847,-83.802764,"USC00203194","GLENNIE 6W",44.5519,-83.8625,4.83649562807082
"393","04137500",44.436404,-83.433861,"USC00206253","OSCODA FOOTE DAM",44.4333,-83.45,1.32708002429507
"394","04142000",44.07252,-84.019994,"USC00207820","STANDISH 4NE",44.0125,-83.8978,11.8293635148499
"395","04165500",42.595867,-82.90881,"USW00014804","MT CLEMENS ANG BASE",42.6083,-82.8183,7.53591502129199
"396","04166100",42.447813,-83.297709,"USC00202691","FARMINGTON",42.4669,-83.3625,5.72334975697671
"397","04174500",42.286149,-83.733274,"USC00200220","ANN ARBOR 1W",42.2875,-83.7611,2.29390304343922
"398","04183500",41.198939,-84.744403,"USC00129724","WOODBURN 3N",41.1644,-84.8483,9.50536744485166
"399","04188496",40.97922,-83.653265,"USW00014825","FINDLAY AP",41.0136,-83.6686,4.03370109310041
"400","04195500",41.449496,-83.361316,"USC00336170","OAK HARBOR",41.5167,-83.3,9.05156520915481
"401","04199000",41.301719,-82.606844,"USC00336118","NORWALK WWTP",41.2667,-82.6167,3.98006846529922
"402","04200500",41.380324,-82.104593,"USC00332599","ELYRIA 3 E",41.3814,-82.0558,4.0727091523524
"403","04208000",41.395331,-81.629848,"USC00333071","GARFIELD HEIGHTS",41.4167,-81.6,3.44133975661777
"404","04212100",41.718934,-81.227879,"USC00336389","PAINESVILLE 4 NW",41.7525,-81.2956,6.74584101236924
"405","04213500",42.46395,-78.935035,"USC00303354","GOWANDA CORRECTIONAL",42.4833,-78.9333,2.15632214407851
"406","0422026250",43.25367,-77.74223,"USC00303881","HILTON",43.2833,-77.7833,4.68109872248914
"407","04231600",43.141722,-77.616306,"USW00014768","ROCHESTER GTR INTL AP",43.1167,-77.6767,5.63575911531611
"408","04232050",43.130341,-77.518609,"USW00014768","ROCHESTER GTR INTL AP",43.1167,-77.6767,12.9198750081041
"409","0423205010",43.145063,-77.511942,"USW00014768","ROCHESTER GTR INTL AP",43.1167,-77.6767,13.7369454684271
"410","04249000",43.451735,-76.505219,"USC00306314","OSWEGO E",43.4622,-76.4933,1.50984343872902
"411","05014300",48.795256,-113.680112,"USS0013A27S","Many Glacier",48.8,-113.67,0.90931501472334
"412","05054000",46.861075,-96.783692,"USC00215584","MOREHEAD",46.8667,-96.7667,1.43531364103059
"413","05055400",47.821389,-99.276516,"USC00328057","SHEYENNE",47.8333,-99.1167,12.0039668280645
"414","05057000",47.432771,-98.027595,"USC00321766","COOPERSTOWN",47.405,-98.0381,3.18753900311996
"415","05057200",47.229156,-98.124819,"USC00323342","GALLATIN",47.25,-98.0333,7.28753449685798
"416","05058000",47.033872,-98.083708,"USC00320450","BALDHILL DAM",47.0361,-98.0831,0.251990805506832
"417","05124480",47.922675,-91.535126,"USR0000MFER","FERNBERG MINNESOTA",47.9461,-91.4947,3.98181770822065
"418","05288705",45.049965,-93.310227,"USW00094960","MPLS CRYSTAL AP",45.0619,-93.3508,3.45227811444152
"419","05331833",46.171341,-91.32935,"USW00094973","HAYWARD MUNI AP",46.0261,-91.4442,18.4185629228412
"420","05333500",46.074943,-92.247415,"USC00471978","DANBURY",46.0086,-92.3736,12.2179233564839
"421","05340500",45.406906,-92.647151,"USC00477464","ST CROIX FALLS",45.4117,-92.6467,0.53422981397208
"422","05370000",44.852778,-92.238333,"USC00474230","KNAPP",44.95,-92.1,15.3485454766456
"423","05382255",43.993854,-90.657356,"USC00477997","SPARTA",43.9364,-90.8164,14.2421682043304
"424","05382257",44.00052,-90.68125,"USC00477997","SPARTA",43.9364,-90.8164,12.9545224863692
"425","05382267",44.000243,-90.724579,"USC00477997","SPARTA",43.9364,-90.8164,10.217388079047
"426","05406500",43.13416,-89.732345,"USC00475189","MAZOMANIE",43.1708,-89.8192,8.13888189813098
"427","05407000",43.198042,-90.443459,"USC00475718","MUSCODA",43.1772,-90.4272,2.66618212766847
"428","05418400",42.164405,-90.728246,"USC00135132","MAQUOKETA 2 NE",42.0833,-90.6333,11.9435741236716
"429","05427718",43.208881,-89.352617,"USW00014837","MADISON DANE RGNL AP",43.1406,-89.3453,7.61565001716345
"430","05427850",43.15083,-89.40206,"USW00014837","MADISON DANE RGNL AP",43.1406,-89.3453,4.74333869299844
"431","05427948",43.103328,-89.511788,"USC00471416","CHARMANY FARM",43.0597,-89.4819,5.424599943605
"432","05435943",42.976943,-89.539566,"USC00471416","CHARMANY FARM",43.0597,-89.4819,10.327564148633
"433","05440700",42.123081,-89.25594,"USC00114770","KISHWAUKEE",42.1333,-89.1167,11.5388256695924
"434","05446500",41.559756,-90.182066,"USC00113384","GENESEO",41.4511,-90.1486,12.3992326214473
"435","05451080",42.54361,-93.58944,"USC00138806","WEBSTER CITY",42.4686,-93.7975,18.9856355561776
"436","05451210",42.314984,-93.152425,"USC00132573","ELDORA",42.3653,-93.0972,7.20452014059269
"437","05455100",41.606405,-91.615724,"USW00014937","IOWA CITY MUNI AP",41.6328,-91.5431,6.71259404159899
"438","05458300",42.73722,-92.47009,"USC00138771","WAVERLY",42.7333,-92.4667,0.516383147754549
"439","05465500",41.178086,-91.182094,"USC00138668","WAPELLO",41.1806,-91.1897,0.695231416344005
"440","05481000",42.432475,-93.805776,"USC00138808","WEBSTER CITY 2 S",42.4322,-93.8061,0.0405230555718143
"441","05482000",41.612489,-93.621051,"USC00132208","DES MOINES SE 6TH ST",41.5783,-93.6056,4.01289989236828
"442","05482500",41.988039,-94.376913,"USC00134228","JEFFERSON",42.0347,-94.4114,5.91934291703988
"443","05484000",41.589432,-94.151346,"USC00130070","ADEL 1 SE",41.6,-94.0167,11.258407178172
"444","05484500",41.533878,-93.94995,"USC00130070","ADEL 1 SE",41.6,-94.0167,9.2139137743342
"445","05517000",41.30282,-86.620569,"USC00124657","KNOX WWTP",41.3053,-86.6286,0.725309858942612
"446","05518000",41.182813,-87.34031,"USC00127991","SHELBY RIVER",41.1828,-87.3425,0.183279564390102
"447","05524500",40.870593,-87.306691,"USC00127298","RENSSELAER",40.9239,-87.1753,12.5336930347099
"448","05527500",41.346698,-88.186449,"USC00111420","CHANNAHON DRESDEN ISL DAM",41.3978,-88.2819,9.78400746379612
"449","05536995",41.640864,-88.059783,"USC00117457","ROMEOVILLE WFO",41.6042,-88.085,4.58413872352162
"450","05595000",38.329216,-89.879269,"USC00117157","RED BUD 5 SE",38.1853,-89.9283,16.565484902089
"451","06006000",44.615474,-111.62913,"USC00244820","LAKEVIEW",44.5994,-111.8125,14.6258387365446
"452","06024450",45.618534,-113.457837,"USC00249067","WISDOM",45.6178,-113.4514,0.507239412533982
"453","06025250",45.701315,-112.735305,"USC00242421","DIVIDE",45.7511,-112.7547,5.73690598711618
"454","06026210",45.44048,-112.5564,"USC00243570","GLEN 4 N",45.5261,-112.7006,14.7316315540744
"455","06026500",45.612426,-112.330558,"USC00248430","TWIN BRIDGES",45.5472,-112.3261,7.26109414256202
"456","06036805",44.45966,-110.82243,"USC00486845","OLD FAITHFUL",44.4569,-110.8328,0.878388747660453
"457","06036905",44.62021,-110.86299,"USC00483595","FOUNTAIN",44.5667,-110.8167,6.9884090789416
"458","06037500",44.656872,-111.068274,"USC00248858","W YELLOWSTONE GATEWAY",44.6567,-111.0903,1.74227927964662
"459","06038500",44.866593,-111.338288,"USC00244038","HEBGEN DAM",44.8667,-111.3392,0.0728523534144683
"460","06041000",45.490206,-111.634138,"USC00246157","NORRIS MADISON PWR HOUSE",45.4875,-111.6336,0.30380213320209
"461","06054500",46.14604,-111.42052,"USC00248314","TOSTON 1 W",46.1667,-111.4667,4.23432622814947
"462","06066500",46.994665,-112.011111,"USC00244241","HOLTER DAM",46.9908,-112.0117,0.432083932449592
"463","06073500",47.199112,-112.096394,"USR0000MGOL","GOLF MONTANA",47.2417,-112.0917,4.74881955083564
"464","06077200",46.828005,-111.192174,"USC00248936","WHITE SULPHUR SPRNGS 2",46.8333,-111.2,0.837325263218996
"465","06077500",47.189119,-111.386352,"USC00242835","EVANS",47.2333,-111.1514,18.4143801503265
"466","06085800",47.50245,-111.932494,"USC00243195","FORT  SHAW",47.5,-111.8,9.95673545709402
"467","06102050",47.93303,-110.50938,"USC00245153","LOMA",47.9364,-110.5025,0.634920591593401
"468","06188000",44.927716,-110.39381,"USC00489025","TOWER FALLS",44.9167,-110.4203,2.41875175713683
"469","06190540",44.985213,-110.689099,"USC00489905","YELLOWSTONE PARK MAMMOTH",44.9767,-110.6964,1.10716418384562
"470","06191500",45.11188,-110.794381,"USC00244263","HORR",45.05,-110.8667,8.92110720906281
"471","06192500",45.597158,-110.566039,"USC00245076","LIVINGSTON",45.6667,-110.5667,7.73288838931285
"472","06204070",45.254387,-109.699895,"USC00245961","MYSTIC LAKE",45.2436,-109.7311,2.7214461012962
"473","06205000",45.551053,-109.387388,"USC00240021","ABSAROKEE (1)",45.5167,-109.45,6.1947980372929
"474","06214500",45.799953,-108.467356,"USC00240802","BILLINGS WTP",45.7717,-108.4811,3.31743185424268
"475","06227600",43.143847,-108.707895,"USC00486470","MORTON 1 NW",43.2167,-108.7833,10.1492278561491
"476","06313500",43.69553,-106.30725,"USC00486680","NINE MILE CREEK",43.8167,-106.4833,19.5309695366799
"477","06316400",44.491091,-106.177808,"USC00485780","LOWER CRAZY WOMAN CK",44.5,-106.1833,1.08217778298027
"478","06324970",44.926929,-105.353327,"USC00240743","BIDDLE 8 SW",45.0428,-105.48,16.2866747597265
"479","06331000",48.284468,-103.572972,"USW00094014","WILLISTON SLOULIN INTL AP",48.1739,-103.6367,13.1696771858906
"480","06336000",46.919458,-103.528243,"USC00325813","MEDORA",46.9161,-103.5264,0.398768049318732
"481","06346500",46.597229,-101.801815,"USC00324091","HEART BUTTE DAM",46.5917,-101.8075,0.752770084364701
"482","06349000",46.833883,-100.974579,"USC00325479","MANDAN EXP STN",46.8128,-100.9097,5.46472106849292
"483","06454100",42.423481,-103.792325,"USW00094077","HARRISON 20 SSE",42.4247,-103.7364,4.59237810642884
"484","06465500",42.739683,-98.224319,"USC00258806","VERDEL 6SSE",42.7189,-98.2158,2.4134497954844
"485","06623800",41.023579,-106.824766,"USS0006H22S","Whiskey Park",41,-106.91,7.6170071255739
"486","06711565",39.664987,-105.004149,"USC00055056","LITTLETON",39.6167,-105.0167,5.47576782516637
"487","06714215",39.812208,-104.958313,"USC00052228","DENVER MUSEUM",39.7489,-104.9425,7.16804729837803
"488","06786000",41.777086,-99.381133,"USC00258455","TAYLOR",41.7678,-99.3789,1.0490298856077
"489","06800500",41.293331,-96.283772,"USC00252620","ELKHORN 1 NW",41.2833,-96.25,3.03416374123103
"490","06805000",41.051703,-96.338708,"USC00250375","ASHLAND NO 2",41.0408,-96.3811,3.75607212691294
"491","06808500",40.873055,-95.580275,"USC00136945","RED OAK 10 SW",40.9667,-95.4667,14.1241613607404
"492","06817000",40.739407,-95.013229,"USC00131533","CLARINDA",40.7244,-95.0192,1.74289851647962
"493","06879650",39.101948,-96.595214,"USW00053974","MANHATTAN 6 SSW",39.1028,-96.6097,1.25357495900578
"494","06887000",39.237135,-96.571431,"USC00148259","TUTTLE CREEK LAKE",39.2475,-96.5994,2.67017837966479
"495","06893300",38.940615,-94.671291,"USC00144596","LEAWOOD",38.9419,-94.6294,3.62581769669603
"496","06893390",38.938333,-94.607778,"USC00144596","LEAWOOD",38.9419,-94.6294,1.9116385882755
"497","06893620",39.11194,-94.47222,"USC00234154","INDEPENDENCE",39.0647,-94.3861,9.1015352750222
"498","06893890",39.025562,-94.343839,"USC00230760","BLUE SPRINGS",38.9833,-94.3333,4.78674454074105
"499","06893970",39.08834,-94.34356,"USC00234158","INDEPENDENCE 2",39.0667,-94.3833,4.19015596897123
"500","06894000",39.100561,-94.300504,"USC00234158","INDEPENDENCE 2",39.0667,-94.3833,8.07752957155546
"501","06901500",39.895931,-93.236519,"USC00234978","LINNEUS",39.8833,-93.1833,4.75279097416015
"502","06934000",38.388808,-91.819889,"USC00233043","FREEDOM",38.4583,-91.7028,12.7965455547713
"503","07014000",37.974768,-91.204584,"USC00230597","BERRYMAN 6 NW",37.95,-91.1667,4.31454863718862
"504","07018500",38.391714,-90.637808,"USC00236233","OAKFIELD",38.5167,-90.75,16.9879312350355
"505","07048550",36.05397,-94.08326,"USC00032442","FAYETTEVILLE",36.0833,-94.1667,8.17804813945333
"506","07048600",36.073134,-94.081313,"USC00032442","FAYETTEVILLE",36.0833,-94.1667,7.75648101193785
"507","07060000",36.249234,-92.238489,"USC00035228","NORFORK DAM",36.2494,-92.2383,0.0250590200233757
"508","07061270",37.552556,-90.842444,"USC00231467","CENTERVILLE 5 NE",37.5042,-90.9225,8.87409203981447
"509","07061290",37.493611,-90.838333,"USC00231467","CENTERVILLE 5 NE",37.5042,-90.9225,7.51783558833272
"510","07074000",36.110348,-91.449858,"USC00032366","EVENING SHADE 1 NNE",36.0803,-91.6147,15.1831949506824
"511","07075300",35.591467,-92.455714,"USC00036586","SHIRLEY",35.65,-92.3167,14.1509720747411
"512","07076000",35.517301,-91.997371,"USC00032978","GREERS FERRY DAM",35.5206,-91.9997,0.423078870021938
"513","07076517",35.437778,-91.746111,"USC00036353","STEPROCK",35.4156,-91.6469,9.32144598996208
"514","07086000",39.042771,-106.265855,"USC00058496","TWIN LAKES EVAPORATION",39.0833,-106.3,5.38519390847454
"515","07097000",38.388334,-105.016096,"USC00052955","FLORENCE",38.3833,-105.1333,10.2308044880736
"516","07099400",38.271669,-104.718033,"USC00056765","PUEBLO RSVR",38.2597,-104.7178,1.33104752532008
"517","07099970",38.253614,-104.606085,"USW00023068","PUEBLO",38.2725,-104.6089,2.11436002213749
"518","07106000",38.601665,-104.67025,"USC00053063","FOUNTAIN",38.6778,-104.7014,8.88761905974273
"519","07106500",38.28778,-104.601085,"USW00023068","PUEBLO",38.2725,-104.6089,1.83088116224303
"520","07119700",38.125839,-103.911901,"USC00053079","FOWLER 1 SE",38.1236,-104.0083,8.43603908330404
"521","07144100",37.883067,-97.424486,"USC00145744","NEWTON",38.0231,-97.3553,16.710860479865
"522","07144780",37.862607,-98.013853,"USC00143930","HUTCHINSON 10 SW",37.9311,-98.0297,7.74197004410868
"523","07160350",36.376145,-97.800333,"USC00342912","ENID",36.4194,-97.8747,8.21197271058577
"524","07177500",36.278425,-95.954162,"USW00013968","TULSA INTL AP",36.1994,-95.8872,10.6433355269492
"525","07178200",36.223151,-95.819432,"USW00013968","TULSA INTL AP",36.1994,-95.8872,6.62876250620529
"526","07182250",38.397514,-96.356112,"USC00142548","EMPORIA 3 NW",38.4294,-96.2189,12.4694940932562
"527","07182510",38.194728,-95.735347,"USC00141164","BURLINGTON",38.1944,-95.7361,0.0752358902915761
"528","07183000",37.89087,-95.430815,"USC00143984","IOLA 1 W",37.9233,-95.4242,3.65245439225174
"529","07183500",37.340059,-95.109969,"USC00146242","PARSONS 2 NW",37.3678,-95.2892,16.1395912502864
"530","07191222",36.355359,-94.776339,"USC00349101","UPPER SPAVINAW PORT",36.3481,-94.8244,4.37916546885378
"531","07198000",35.573151,-95.068846,"USC00348769","TENKILLER FERRY DAM",35.6,-95.05,3.43763795790379
"532","07227500",35.470326,-101.879628,NA,NA,NA,NA,NA
"533","07239000",36.076984,-98.59675,"USC00341445","CANTON",36.0617,-98.59,1.80454407569527
"534","07239450",35.616993,-98.065332,"USC00343295","FT RENO",35.5667,-98.0333,6.29787358566639
"535","07239500",35.563107,-97.95755,"USC00342818","EL RENO 1 N",35.5489,-97.9553,1.5928047900696
"536","07239700",35.539499,-97.742544,"USW00003954","OKLAHOMA CITY POST AP",35.5342,-97.6469,8.67428359181099
"537","07241000",35.478669,-97.663375,"USC00344978","LAKE OVERHOLSER",35.4878,-97.6644,1.01955372952554
"538","07241520",35.565615,-97.367258,"USC00348390","SPENCER 2ENE MESONET",35.5419,-97.3414,3.52501816903542
"539","07241550",35.500341,-97.193919,"USC00348390","SPENCER 2ENE MESONET",35.5419,-97.3414,14.1246209384406
"540","07257500",35.466192,-93.041284,"USC00033235","HECTOR 4 SE",35.4419,-92.9008,13.0081929175214
"541","07263296",34.884256,-92.701831,"USC00030130","ALUM FK",34.7961,-92.8417,16.0944410826362
"542","07281600",33.651389,-90.211111,"USC00225897","MINTER CITY",33.7589,-90.2103,11.9549131473667
"543","07283000",33.973611,-89.347778,"USC00227036","PITTSBORO",33.9333,-89.3333,4.67706784297536
"544","07288650",33.396667,-90.847778,"USC00228445","STONEVILLE EXP STN",33.4311,-90.9108,6.99110774620919
"545","07301500",35.168108,-99.507313,"USC00346035","MORAVIA 2 NNE",35.1464,-99.4956,2.63825488711079
"546","07303400",35.01172,-99.903714,"USC00342944","ERICK",35.2164,-99.8628,23.0616258441807
"547","07312500",33.909542,-98.533666,"USC00419730","WICHITA VALLEY FARM 29",33.9333,-98.5833,5.28704499728781
"548","07312700",34.05315,-98.296714,"USW00013966","WICHITA FALLS MUNI AP",33.9786,-98.4928,19.8832031575549
"549","07331000",34.233427,-96.975845,"USW00013903","ARDMORE AFB",34.3,-97.0167,8.30019722162744
"550","07332620",33.68222,-95.98444,"USR0000TCDD","CADDO TEXAS",33.7411,-95.9219,8.73661199806152
"551","07335700",34.638437,-94.612724,"USC00346842","PAGE 2 SE",34.72,-94.5692,9.90420919237014
"552","08014500",30.69875,-92.893194,"USC00168930","TEN MILE",30.7667,-92.9,7.58364641475523
"553","08048000",32.760963,-97.332517,"USC00413286","FT WORTH VICKERY BLV",32.7333,-97.3333,3.07685677693222
"554","08049500",32.798741,-97.02973,"USC00410337","ARLINGTON SIX FLAGS",32.7572,-97.0736,6.17721832128274
"555","08052700",33.28345,-96.892781,"USC00417028","PILOT POINT ISL DU BOI",33.3658,-97.0122,14.3859692119929
"556","08052745",33.219285,-96.891948,"USC00417463","RAY ROBERTS LAKE",33.3333,-97.05,19.4064835860319
"557","08057000",32.774852,-96.821946,"USC00412243","DALLAS",32.7744,-96.8214,0.0716373888945313
"558","08057410",32.707631,-96.735832,"USC00412247","DALLAS WFAA",32.7667,-96.7833,7.92797748304916
"559","08062500",32.42653,-96.463042,"USC00417581","RICE",32.2667,-96.5,18.1082261155527
"560","08065350",31.338513,-95.656341,"USC00412114","CROCKETT",31.3072,-95.4508,19.8320548156081
"561","08068000",30.244657,-95.457162,"USR0000TCON","CONROE TEXAS",30.2364,-95.4828,2.62844407690214
"562","08068500",30.110495,-95.436327,"USW00053910","HOUSTON HOOKS MEM AP",30.0675,-95.5561,12.4758684892841
"563","08086212",32.732897,-99.14063,"USC00410120","ALBANY",32.7047,-99.3011,15.3362106763291
"564","08086290",32.648456,-99.004515,"USC00411043","BRECKENRIDGE 2 WNW",32.7667,-98.9333,14.7401106284881
"565","08123850",32.053744,-100.762052,NA,NA,NA,NA,NA
"566","08126380",31.71543,-100.026476,"USC00410493","BALLINGER 2 NW",31.7414,-99.9764,5.54698103480334
"567","08171290",30.00556,-97.9525,"USC00417983","SAN MARCOS",29.8833,-97.9494,13.5979725963831
"568","08181500",29.264128,-98.490849,"USC00417948","SAN ANTONIO NURSERY",29.3,-98.4667,4.62557922211614
"569","08181800",29.222185,-98.355846,"USC00417948","SAN ANTONIO NURSERY",29.3,-98.4667,13.8024381789301
"570","08227000",38.163333,-106.290583,"USW00003079","SAGUACHE 2 WNW",38.0989,-106.1708,12.6924310936546
"571","08317400",35.617809,-106.324471,"USC00291982","COCHITI DAM",35.6414,-106.3322,2.71461511353603
"572","08329918",35.19772,-106.64278,"USC00295140","LOS GRIEGOS",35.1667,-106.6667,4.07716782722534
"573","08377900",35.777254,-105.658073,"USC00298788","TERERRO",35.7667,-105.6667,1.40818672485821
"574","09032000",39.949987,-105.765563,"USS0005K06S","Arrow",39.92,-105.76,3.36796779685771
"575","09033300",40.00582,-105.848344,"USC00058148","TABERNASH",40,-105.85,0.662347882439669
"576","09041090",40.202484,-106.422534,"USC00053423","GORE PASS RCH",40.15,-106.4667,6.93818718731918
"577","09063000",39.508319,-106.366695,"USC00056917","REDCLIFF",39.5167,-106.3667,0.931924778917005
"578","09064600",39.553875,-106.402529,"USC00056917","REDCLIFF",39.5167,-106.3667,5.15054055924499
"579","09066510",39.60943,-106.447808,"USR0000CDOW","DOWD JUNCTION COLORADO",39.6269,-106.4517,1.97097268207683
"580","09110000",38.664437,-106.845317,"USC00053662","GUNNISON 3SW",38.5253,-106.9672,18.7500246254861
"581","09124500",38.298883,-107.230056,"USC00056651","POWDERHORN",38.2667,-107.1,11.902492853963
"582","09144250",38.753039,-108.078403,"USC00052192","DELTA",38.7531,-108.0783,0.011215290876051
"583","09149500",38.741928,-108.080903,"USC00052192","DELTA",38.7531,-108.0783,1.2626130334041
"584","09152500",38.983316,-108.450645,"USC00053489","GRAND JUNCTION 6 ESE",39.0422,-108.4664,6.68760094444453
"585","09169500",38.310268,-108.885381,"USC00050581","BEDROCK",38.3189,-108.8903,1.05140941265737
"586","09180000",38.797208,-109.195114,"USC00422150","DEWEY",38.8128,-109.2997,9.22697124639186
"587","09196500",43.030502,-109.770153,"USS0009F23S","Elkhart Park G.S.",43.01,-109.76,2.42454087147129
"588","09209400",42.192722,-110.163214,"USC00485252","LA BARGE",42.2644,-110.195,8.38892251023426
"589","09217000",41.516354,-109.449023,"USC00484065","GREEN RVR",41.5167,-109.4703,1.77191564172878
"590","09234500",40.908293,-109.422914,"USC00422864","FLAMING GORGE",40.9317,-109.4117,2.76803721395918
"591","09239500",40.483588,-106.832271,"USC00057936","STEAMBOAT SPRINGS",40.4883,-106.8233,0.922024524075504
"592","09258980",41.068159,-107.631596,"USC00480484","BAGGS",41.0383,-107.6578,3.98139089777719
"593","09302000",40.215517,-109.783476,"USC00422996","FT DUCHESNE",40.2842,-109.8611,10.0859108425817
"594","09304200",40.004974,-107.825349,"USW00094050","MEEKER AP",40.0489,-107.8853,7.06498864488225
"595","09304800",40.013305,-108.093136,"USC00055048","LITTLE HILLS",40,-108.2,9.22126944292676
"596","09306222",40.077471,-108.23592,"USW00094094","MEEKER 15 W",40.0822,-108.1997,3.12616087242564
"597","09306255",40.168581,-108.401205,"USR0000CPIN","PINTO COLORADO",40.0097,-108.4597,18.3541835373436
"598","09306290",40.179693,-108.565377,"USC00055420","MASSADONA",40.2528,-108.6406,10.3382164099784
"599","09314500",39.263858,-110.346546,"USC00429629","WOODSIDE",39.2667,-110.35,0.433918816048918
"600","09326500",39.104137,-111.216559,"USC00422798","FERRON",39.0875,-111.1325,7.48625803701295
"601","09328500",38.858308,-110.370147,"USC00423418","GREEN RIVER AVIATION",38.9906,-110.1544,23.7638233335324
"602","09355500",36.801394,-107.698114,"USC00296061","NAVAJO DAM",36.8047,-107.6214,6.84001847672417
"603","09358000",37.811108,-107.659228,"USC00057656","SILVERTON",37.8089,-107.6633,0.433871690647619
"604","09358550",37.819719,-107.663672,"USC00057656","SILVERTON",37.8089,-107.6633,1.20346165274924
"605","09359010",37.802774,-107.672839,"USC00057656","SILVERTON",37.8089,-107.6633,1.07996332915557
"606","09359020",37.790275,-107.667561,"USC00057656","SILVERTON",37.8089,-107.6633,2.10457199666747
"607","09361500",37.279169,-107.880345,"USC00052432","DURANGO",37.2833,-107.8833,0.52853689015319
"608","09364010",36.817861,-108.024444,"USC00290692","AZTEC RUINS NM",36.835,-108.0006,2.85236670014185
"609","09364500",36.721392,-108.202018,"USW00023090","FARMINGTON RGNL AP",36.7436,-108.2292,3.45915633048903
"610","09365000",36.72278,-108.22563,"USW00023090","FARMINGTON RGNL AP",36.7436,-108.2292,2.33683567959897
"611","09371010",37.005553,-109.033992,"USC00028468","TEEC NOS POS",36.9233,-109.09,10.41214340423
"612","09406000",37.204149,-113.180779,"USC00424968","LA VERKIN",37.2008,-113.2686,7.78696767092516
"613","09505800",34.538636,-111.694036,"USC00020670","BEAVER CREEK",34.6417,-111.7831,14.064325022106
"614","09508300",34.160868,-111.692924,"USC00021614","CHILDS",34.3494,-111.6981,20.9691986146255
"615","10126000",41.576321,-112.100782,"USC00421731","CORINNE",41.5481,-112.1106,3.2426072408727
"616","10129900",40.73523,-111.47603,"USC00426650","PARK CITY MEADOWS",40.6833,-111.5,6.11761299721325
"617","10133650",40.723838,-111.519644,"USC00427942","SNYDERVILLE",40.7039,-111.5367,2.64227370578957
"618","10133800",40.75967,-111.564091,"USS0011J52S","Parley's Summit",40.76,-111.63,5.55130155865714
"619","10133980",40.87078,-111.585204,"USC00422294","EAST CANYON",40.85,-111.5833,2.31617195476291
"620","10141000",41.278277,-112.091887,"USC00426414","OGDEN SUGAR FACTORY",41.2319,-112.0283,7.4059507361338
"621","10172200",40.779946,-111.806045,"USC00427185","RED BUTTE 1",40.7667,-111.8333,2.72705176794523
"622","10249300",38.88743,-117.245367,"USC00267620","SMOKY VALLEY - CARVERS",38.7839,-117.1739,13.0707271587605
"623","10260500",34.341114,-117.228376,"USC00043937","HESPERIA 2E",34.4206,-117.2661,9.49225124038391
"624","10261500",34.573049,-117.320602,"USC00049325","VICTORVILLE",34.5292,-117.2928,5.50057228302647
"625","10265150",37.668822,-118.817631,"USC00045280","MAMMOTH LAKES RS",37.6478,-118.9617,12.8959424978902
"626","10301500",39.152461,-119.098889,"USC00268820","WABUSKA",39.15,-119.1833,7.28387589784115
"627","10336645",39.051852,-120.118521,"USC00048760","TAHOMA",39.06,-120.1292,1.29271814967937
"628","10336660",39.107407,-120.162135,"USC00048760","TAHOMA",39.06,-120.1292,5.98905466193977
"629","10336676",39.132129,-120.157691,"USC00048758","TAHOE CITY",39.1678,-120.1428,4.16910474490306
"630","10336780",38.919908,-119.972404,"USW00093230","SOUTH LAKE TAHOE AP",38.8983,-119.9947,3.08134415473578
"631","10343500",39.431572,-120.237979,"USC00047641","SAGEHEN CREEK",39.4317,-120.2406,0.225554280104194
"632","10348200",39.517617,-119.741644,"USC00267693","SPARKS-HUMANE SOCIETY",39.5236,-119.7386,0.714681524396552
"633","10351600",39.584634,-119.441287,"USC00268834","WADSWORTH",39.6333,-119.2833,14.5758653789752
"634","10351700",39.777372,-119.337522,"USC00265605","NIXON",39.8333,-119.35,6.30959501047648
"635","10396000",42.790833,-118.8675,"USC00356853","P-RANCH SOUTH PLACE",42.8081,-118.8778,2.09585427387174
"636","11125600",34.58221,-119.98264,"USC00041253","CACHUMA LAKE",34.5822,-119.9817,0.0860624862061414
"637","11126000",34.589155,-119.988753,"USC00041253","CACHUMA LAKE",34.5822,-119.9817,1.0074555936687
"638","11133000",34.637761,-120.426551,"USC00045064","LOMPOC",34.6539,-120.4514,2.89614502095625
"639","11162620",37.524661,-122.399418,"USR0000CSVA","SPRING VALLEY CALIFORNIA",37.5625,-122.4364,5.32298400803314
"640","11162753",37.52944,-122.35833,"USC00047864","SAN MATEO",37.5333,-122.3,5.16140436084277
"641","11172945",37.497436,-121.773564,"USR0000CRSP","ROSE PEAK CALIFORNIA",37.5019,-121.7355,3.39439113770738
"642","11173200",37.461603,-121.769397,"USR0000CPOV","POVERTY CALIFORNIA",37.4431,-121.7706,2.06017841358768
"643","11173500",37.497714,-121.817733,"USR0000CCLV","CALAVERAS ROAD CALIFORNIA",37.5531,-121.8439,6.57676375691143
"644","11173510",37.503547,-121.824677,"USR0000CCLV","CALAVERAS ROAD CALIFORNIA",37.5531,-121.8439,5.7649020744418
"645","11173575",37.540491,-121.856345,"USR0000CCLV","CALAVERAS ROAD CALIFORNIA",37.5531,-121.8439,1.78032200953072
"646","11174000",37.577434,-121.857734,"USR0000CCLV","CALAVERAS ROAD CALIFORNIA",37.5531,-121.8439,2.96786117669078
"647","11176500",37.623265,-121.758842,"USC00044997","LIVERMORE",37.6922,-121.7692,7.71926432356074
"648","11176900",37.626599,-121.883013,"USC00046201","NILES",37.5833,-121.9667,8.8051242502885
"649","11203580",36.048281,-118.654256,"USR0000CJOH","JOHNSONDALE CALIFORNIA",35.9717,-118.545,13.0033665693439
"650","11204100",36.024116,-118.813426,"USR0000CFOU","FOUNTAIN SPRINGS CALIFORNIA",35.8922,-118.915,17.2841891009606
"651","11251000",36.984394,-119.724312,"USC00043261","FRIANT GOVERNMENT CAMP",36.9969,-119.7072,2.05999635900534
"652","11264500",37.731593,-119.558774,"USC00049855","YOSEMITE PARK HQ",37.7503,-119.5897,3.42372190939196
"653","11274500",37.315492,-121.125208,"USW00023240","CROWS LANDING",37.4,-121.1333,9.42403932512984
"654","11274538",37.41355,-121.01604,"USW00023240","CROWS LANDING",37.4,-121.1333,10.4662277227906
"655","11274790",37.916588,-119.659894,"USR0000CWWO","WHITE WOLF CALIFORNIA",37.8511,-119.65,7.33352014633039
"656","11276500",37.937421,-119.798233,"USC00043939","HETCH HETCHY",37.9614,-119.7831,2.97826725865431
"657","11276600",37.879368,-119.947126,"USC00045400","MATHER",37.885,-119.8561,8.01325802168567
"658","11276900",37.881591,-119.970182,"USC00045400","MATHER",37.885,-119.8561,10.0192436461941
"659","11277300",37.967699,-119.917403,"USC00041697","CHERRY VALLEY DAM",37.9747,-119.9161,0.786810005602109
"660","11278000",37.969088,-119.882124,"USC00044679","LAKE ELEANOR",37.9667,-119.8833,0.284842900511903
"661","11278300",37.894368,-119.962682,"USC00045400","MATHER",37.885,-119.8561,9.41087186339682
"662","11289650",37.666321,-120.442139,"USC00042920","EXCHEQUER DAM",37.585,-120.2672,17.864167017947
"663","11302000",37.851594,-120.637982,"USC00044590","KNIGHTS FERRY 2 SE",37.8,-120.65,5.83328777651214
"664","11335000",38.500186,-121.045221,"USR0000CBLT","BEN BOLT CALIFORNIA",38.5908,-120.9336,13.9912360586917
"665","11355500",40.68655,-121.424699,"USR0000CLDR","LADDER BUTTE CALIFORNIA",40.8072,-121.2967,17.2118831938018
"666","11381500",40.054602,-122.024154,"USR0000CCRN","CORNING CALIFORNIA",39.9389,-122.1697,17.8671906292543
"667","11383500",40.014047,-121.948318,"USR0000CCRN","CORNING CALIFORNIA",39.9389,-122.1697,20.6317096250106
"668","11390000",39.725995,-121.708864,"USR0000CCHC","CHICO CALIFORNIA",39.7119,-121.7789,6.19180985901367
"669","11446500",38.63546,-121.227726,"USC00043111","FOLSOM",38.6833,-121.1833,6.57098679545684
"670","11458000",38.368246,-122.303309,"USC00049859","YOUNTVILLE",38.395,-122.3567,5.52341617985684
"671","11458433",38.4188,-122.562761,"USC00047643","SAINT HELENA",38.5067,-122.4714,12.6018363195176
"672","11458500",38.323247,-122.494426,"USC00048351","SONOMA",38.2994,-122.4622,3.86484212700245
"673","11462500",39.026563,-123.130559,"USR0000CHLD","HOPLAND CALIFORNIA",39.0308,-123.0806,4.34108225901154
"674","11463000",38.879348,-123.053612,"USC00041837","CLOVERDALE",38.8167,-123.0167,7.66454291021009
"675","11463980",38.632965,-122.855549,"USC00043875","HEALDSBURG",38.6214,-122.8581,1.30492298704674
"676","11466800",38.494078,-122.853326,"USW00023213","SANTA ROSA SONOMA CO AP",38.5039,-122.8103,3.90029681132165
"677","11467000",38.508523,-122.927774,"USW00023213","SANTA ROSA SONOMA CO AP",38.5039,-122.8103,10.2348642970219
"678","11475560",39.7296,-123.643907,"USC00042218","CUMMINGS",39.8333,-123.6333,11.5664826711685
"679","11475610",39.671545,-123.49835,"USR0000CLAY","LAYTONVILLE CALIFORNIA",39.7022,-123.485,3.59500702017434
"680","11502500",42.564859,-121.879459,"USR0000OCHI","CHILOQUIN OREGON",42.5769,-121.8936,1.77019156705392
"681","11507500",42.223478,-121.794171,"USC00354506","KLAMATH FALLS 2 SSW",42.2008,-121.7814,2.73223905247643
"682","11509500",42.133199,-121.962231,"USC00354403","KENO",42.0944,-121.9022,6.56751573782684
"683","11523000",41.30346,-123.534504,"USC00046508","ORLEANS",41.3089,-123.5317,0.648661008656534
"684","11530500",41.510954,-123.979516,"USC00044577","KLAMATH",41.5786,-124.0747,10.9237429425435
"685","12039500",47.457586,-123.889345,"USC00450158","AMANDA PARK",47.4667,-123.8833,1.11065664445006
"686","12056500",47.514257,-123.329887,"USC00451934","CUSHMAN DAM",47.4239,-123.2197,13.0209258821844
"687","12114500",47.342054,-121.548986,"USS0021B21S","Mount Gardner",47.36,-121.57,2.54719783372423
"688","12115000",47.370107,-121.625101,"USS0021B21S","Mount Gardner",47.36,-121.57,4.29941895991504
"689","12115500",47.350662,-121.663158,"USS0021B21S","Mount Gardner",47.36,-121.57,7.0938976334608
"690","12116400",47.418714,-121.781498,"USC00451233","CEDAR LAKE",47.4144,-121.7561,1.97027087115112
"691","12116500",47.417047,-121.792054,"USC00451233","CEDAR LAKE",47.4144,-121.7561,2.72124088471445
"692","12117000",47.386491,-121.846222,"USC00451233","CEDAR LAKE",47.4144,-121.7561,7.45920015438559
"693","12117600",47.379546,-121.983448,"USC00454486","LANDSBURG",47.3767,-121.9614,1.69002876502355
"694","12137290",47.947326,-121.626783,"USC00458034","STARTUP 1 E",47.8664,-121.7175,11.2559781896632
"695","12137800",47.959268,-121.797345,"USC00458034","STARTUP 1 E",47.8664,-121.7175,11.9183769004953
"696","12138160",47.907324,-121.815399,"USC00458034","STARTUP 1 E",47.8664,-121.7175,8.60220030640012
"697","12147500",47.712324,-121.788727,"USC00458508","TOLT S FK RSVR",47.7,-121.6908,7.4545953804198
"698","12147600",47.706771,-121.600107,"USS0021B60S","Skookum Creek",47.68,-121.61,3.067505385796
"699","12148000",47.689269,-121.713446,"USC00458508","TOLT S FK RSVR",47.7,-121.6908,2.07279843733749
"700","12148300",47.696768,-121.787338,"USC00458508","TOLT S FK RSVR",47.7,-121.6908,7.23363333670917
"701","12148500",47.695657,-121.824006,"USC00458508","TOLT S FK RSVR",47.7,-121.6908,9.98065185278303
"702","12178100",48.655959,-121.238456,"USC00455840","NEWHALEM",48.6758,-121.2419,2.22066881858147
"703","12179900",48.604566,-121.399573,"USW00004223","DARRINGTON 21 NNE",48.5406,-121.4461,7.89358599976759
"704","12182500",48.526231,-121.415405,"USW00004223","DARRINGTON 21 NNE",48.5406,-121.4461,2.76784406592764
"705","12186000",48.16872,-121.470672,"USR0000WGOH","GOLD HILL WASHINGTON",48.2,-121.5,4.10186992064336
"706","12189500",48.424559,-121.568463,"USW00004223","DARRINGTON 21 NNE",48.5406,-121.4461,15.7426316424892
"707","12206900",48.88484,-122.13321,"USC00455876","NOOKSACK SALMON HATCY",48.8975,-122.1436,1.59959512513545
"708","12207850",48.788451,-122.022929,"USS0021A36S","MF Nooksack",48.82,-121.93,7.6567512898932
"709","12208000",48.779283,-122.106543,"USC00455876","NOOKSACK SALMON HATCY",48.8975,-122.1436,13.4219913622335
"710","12209490",48.6715,-122.1396,"USC00454454","LAKE WHATCOM",48.6833,-122.3,11.8497189544924
"711","12210000",48.677613,-122.166545,"USC00454454","LAKE WHATCOM",48.6833,-122.3,9.81829361675948
"712","12210900",48.83261,-122.33905,"USC00450564","BELLINGHAM 2 N",48.7833,-122.4833,11.9018255842054
"713","12323770",46.180301,-112.785949,"USC00248687","WARM SPRINGS CREEK",46.1833,-112.75,2.787669981219
"714","12334510",46.722427,-113.68315,"USC00241831","CLINTON 6 SE",46.7169,-113.6672,1.36238962647348
"715","12340000",46.89965,-113.756487,"USC00246685","POTOMAC",46.8767,-113.5625,14.9609643614778
"716","12352500",46.831868,-114.054,"USR0000MMIS","MISSOULA FTS MONTANA",46.85,-114.05,2.03901206153135
"717","12362500",48.356631,-114.037618,"USC00244328","HUNGRY HORSE DAM",48.3425,-114.0217,1.96282591510891
"718","12388700",47.367432,-114.585126,"USC00246364","PARADISE",47.3833,-114.8,16.2760057157675
"719","12413360",47.440278,-116.175278,"USC00104831","KELLOGG",47.5339,-116.1222,11.1481308446194
"720","12413370",47.476667,-116.221667,"USC00104831","KELLOGG",47.5339,-116.1222,9.81442570041668
"721","12413445",47.514444,-116.241944,"USC00104831","KELLOGG",47.5339,-116.1222,9.24789854351533
"722","12447390",48.822925,-120.145924,"USC00451438","CHOPAKA",49,-120,22.3922541957871
"723","12462500",47.499291,-120.424522,"USC00451164","CASHMERE",47.5333,-120.4667,4.93294012943693
"724","12510500",46.253467,-119.478079,"USC00450628","BENTON CITY 2 NW",46.2833,-119.5,3.72069380103839
"725","13016450",43.50076,-110.8716,"USS0010F23S","Phillips Bench",43.52,-110.91,3.76387359594417
"726","13018300",43.452153,-110.704091,"USC00484910","JACKSON",43.4864,-110.7614,5.99083780499261
"727","13018350",43.458333,-110.796111,"USC00484910","JACKSON",43.4864,-110.7614,4.19352624343219
"728","13038500",43.735278,-111.878056,"USC00107689","RIGBY",43.6761,-111.9125,7.13904460903608
"729","13057000",43.752778,-111.979167,"USC00107689","RIGBY",43.6761,-111.9125,10.0700175139593
"730","13069500",43.125192,-112.519149,"USC00103297","FT HALL 1 NNE",43.0425,-112.4144,12.5265000702732
"731","13135500",43.786297,-114.425055,"USR0000INOR","NORTH FORK IDAHO",43.7897,-114.4208,0.50975070693451
"732","13150430",43.322222,-114.106667,"USC00107040","PICABO",43.3086,-114.0667,3.57068594994699
"733","13213000",43.781667,-116.972778,"USC00106844","PARMA EXP STN",43.8022,-116.9442,3.23646001186277
"734","13307000",45.3225,-114.44,"USR0000ISKU","SKULL GULCH IDAHO",45.3367,-114.4681,2.70526715773394
"735","13331500",45.619867,-117.726589,"USC00354066","HOWARDVILLE",45.65,-117.6667,5.73662404948535
"736","13340600",46.840466,-115.620703,"USR0000IEAG","EAGLE IDAHO",46.8008,-115.5367,7.76580608410646
"737","13342500",46.448498,-116.827375,"USC00105132","LAPWAI 2 N",46.4228,-116.8111,3.11780511185903
"738","14034470",45.340683,-119.515854,"USC00353827","HEPPNER",45.3653,-119.5639,4.64627725125231
"739","14034500",45.350406,-119.550022,"USC00353827","HEPPNER",45.3653,-119.5639,1.97954388163919
"740","14046890",44.910407,-120.440863,"USC00351625","CLARNO",44.8833,-120.5,5.54825625736803
"741","14076500",44.498729,-121.321156,"USC00356555","PENINSULA",44.5,-121.3,1.68383859481807
"742","14091500",44.626228,-121.483943,"USC00355707","MONTGOMERY RCH",44.6167,-121.4833,1.06068676719053
"743","14092500",44.725952,-121.246994,"USC00356532","PELTON DAM",44.7275,-121.2506,0.332841547824005
"744","14103000",45.622068,-120.902565,"USC00451257","CENTERVILLE 2 SW",45.7333,-120.95,12.9057915970069
"745","14138720",45.470952,-121.865357,"USS0021D33S","Blazed Alder",45.43,-121.86,4.57278831783636
"746","14138850",45.498174,-122.012305,"USS0022D03S","South Fork Bull Run",45.45,-122.03,5.53154253789497
"747","14138870",45.480119,-122.025638,"USS0022D03S","South Fork Bull Run",45.45,-122.03,3.36631185549359
"748","14138900",45.494286,-122.035917,"USS0022D03S","South Fork Bull Run",45.45,-122.03,4.94594576805768
"749","14139800",45.444564,-122.109529,"USC00353770","HEADWORKS PORTLAND WTR B",45.4486,-122.1547,3.55231826939468
"750","14141500",45.415398,-122.171475,"USC00353770","HEADWORKS PORTLAND WTR B",45.4486,-122.1547,3.91707937784106
"751","14144800",43.597066,-122.456714,"USS0022F42S","Holland Meadows",43.67,-122.57,12.2021841961778
"752","14144900",43.680401,-122.3706,"USR0000OFIE","FIELDS OREGON",43.6806,-122.3019,5.52465215388464
"753","14145500",43.722068,-122.438659,"USC00356213","OAKRIDGE FISH HATCHERY",43.7428,-122.4433,2.33525658618847
"754","14147500",43.758179,-122.509496,"USC00356213","OAKRIDGE FISH HATCHERY",43.7428,-122.4433,5.58526194714577
"755","14150000",43.945682,-122.837297,"USC00355072","LOWELL",43.9167,-122.7833,5.39286366098731
"756","14150800",43.914292,-122.688676,"USC00355050","LOOKOUT PT DAM",43.9139,-122.76,5.71340797794243
"757","14151000",43.944293,-122.774794,"USC00355074","LOWELL 1 E",43.9167,-122.7667,3.13591905007984
"758","14152500",43.64151,-123.085909,"USC00350781","BLACKBUTTE 1 N",43.5947,-123.0706,5.3489373693793
"759","14153500",43.720678,-123.049799,"USC00351902","COTTAGE GROVE DAM",43.7178,-123.0578,0.718231342799517
"760","14154500",43.735957,-122.873402,"USR0000OHAW","HAWLEY BUTTE OREGON",43.7139,-122.835,3.94181816893499
"761","14155500",43.792901,-122.991466,"USC00352374","DORENA",43.7822,-122.9631,2.56917617013276
"762","14158500",44.360955,-121.995617,"USS0022E11S","Smith Ridge",44.3,-122.04,7.64213642961226
"763","14158790",44.334567,-122.047007,"USS0022E10S","Bear Grass",44.33,-122.09,3.45706349503941
"764","14158850",44.2679,-122.049783,"USC00350652","BELKNAP SPRINGS 8 N",44.2867,-122.0389,2.2629017834751
"765","14159200",44.047067,-122.217825,"USC00351914","COUGAR DAM",44.1308,-122.2419,9.50715498879678
"766","14159500",44.135958,-122.248391,"USC00351914","COUGAR DAM",44.1308,-122.2419,0.772854228453999
"767","14161100",44.217904,-122.265068,"USC00351914","COUGAR DAM",44.1308,-122.2419,9.86018681659342
"768","14161500",44.209571,-122.256733,"USC00351914","COUGAR DAM",44.1308,-122.2419,8.83846875241197
"769","14162200",44.162348,-122.333119,"USC00351914","COUGAR DAM",44.1308,-122.2419,8.07955740686546
"770","14162500",44.124849,-122.47062,"USC00358887","VIDA 5 E",44.1333,-122.4667,0.990422532115836
"771","14163150",44.123738,-122.627572,"USR0000OTRO","TROUT CREEK OREGON",44.1111,-122.575,4.42577248384056
"772","14163900",44.069849,-122.771187,"USC00359001","WALTERVILLE 1 SW",44.0667,-122.8333,4.9748458384719
"773","14164700",44.059348,-122.919664,"USC00359001","WALTERVILLE 1 SW",44.0667,-122.8333,6.94890466343701
"774","14164900",44.071237,-122.964527,"USC00352706","EUGENE",44.05,-123.0833,9.77995179380258
"775","14169000",44.123457,-123.299817,"USW00024221","EUGENE MAHLON SWEET AP",44.1278,-123.2206,6.34130813892111
"776","14174000",44.638733,-123.106762,"USC00350078","ALBANY 1 N",44.65,-123.1,1.3622690784599
"777","14178000",44.706789,-122.101186,"USC00352277","DETROIT",44.7333,-122.15,4.85436712788438
"778","14179000",44.752622,-122.128965,"USC00352277","DETROIT",44.7333,-122.15,2.71588973713653
"779","14180300",44.6529,-122.130908,"USC00352277","DETROIT",44.7333,-122.15,9.06655674444264
"780","14181500",44.752622,-122.298412,"USC00355556","MILL CITY",44.75,-122.25,3.83406231213569
"781","14182500",44.791511,-122.578974,"USC00355092","LYONS 3N",44.7939,-122.595,1.29222122892028
"782","14184100",44.7079,-122.97287,"USR0000OSTY","STAYTON OREGON",44.75,-122.8667,9.60518664200301
"783","14185000",44.391792,-122.497582,"USC00351433","CASCADIA",44.3914,-122.4811,1.31033789159895
"784","14185900",44.540124,-122.435915,"USR0000OYEL","YELLOWSTONE MOUNTAIN OREGON",44.5922,-122.4278,5.82616319931663
"785","14187200",44.412347,-122.688696,"USC00353047","FOSTER DAM",44.4139,-122.6728,1.27434066141964
"786","14197900",45.284563,-122.961489,"USC00357127","REX 1 S",45.3033,-122.9133,4.30692303169531
"787","14202980",45.46928,-123.200109,"USC00357586","SCOGGINS DAM 2",45.4833,-123.2,1.55897603728375
"788","14203500",45.474837,-123.124274,"USC00352997","FOREST GROVE",45.5247,-123.1025,5.79840443203057
"789","14206950",45.403452,-122.754819,"USC00358034","STAFFORD",45.4167,-122.75,1.52038348664306
"790","14210000",45.299843,-122.353975,"USC00352693","ESTACADA 2 SE",45.2686,-122.3167,4.5358065346254
"791","14211010",45.379287,-122.577313,"USC00356334","OREGON CITY",45.3558,-122.6047,3.37610160281559
"792","14211400",45.486509,-122.421757,"USC00353522","GRESHAM 2 SW",45.4803,-122.4664,3.54820947058669
"793","14211499",45.476787,-122.498424,"USC00353522","GRESHAM 2 SW",45.4803,-122.4664,2.52719528502098
"794","14211500",45.47762,-122.507869,"USC00353522","GRESHAM 2 SW",45.4803,-122.4664,3.24690424368781
"795","14211550",45.452897,-122.64315,"USC00356749","PORTLAND KGW-TV",45.5181,-122.6894,8.09727944303538
"796","14211720",45.518452,-122.667874,"USW00024274","PORTLAND RFC CITY",45.5333,-122.6667,1.65355340207886
"797","14301500",45.47594,-123.725121,"USC00358498","TILLAMOOK 6SE",45.4294,-123.7619,5.9170248867347
"798","14316500",43.295954,-122.536713,"USC00358536","TOKETEE FALLS",43.275,-122.4497,7.4185672118072
"799","14319500",43.27206,-123.412299,"USC00359464","WINCHESTER 3 W F STN",43.2833,-123.4167,1.299620305773
"800","14320934",43.431227,-123.586757,"USC00352633","ELKTON 3 SW",43.5992,-123.5992,18.7046766967234
"801","14330000",42.730405,-122.516425,"USC00356907","PROSPECT 2 SW",42.7342,-122.5164,0.42198968679116
"802","14337600",42.655404,-122.715041,"USC00355055","LOST CREEK DAM",42.6722,-122.675,3.76924026538825
"803","14338000",42.678736,-122.741987,"USC00355055","LOST CREEK DAM",42.6722,-122.675,5.5242730810649
"804","14339000",42.524847,-122.84282,"USC00358300","TABLEROCK",42.4667,-122.8833,7.2676896559377
"805","14359000",42.437346,-122.987268,"USC00355656","MODOC ORCHARD",42.45,-122.8833,8.64638256032594
"806","14361500",42.430396,-123.317836,"USC00353445","GRANTS PASS",42.4244,-123.3236,0.817518048601613
"807","14362000",42.063736,-123.111436,"USR0000OSQU","SQUAW PEAK OREGON",42.0667,-123.0167,7.82732144140261
"808","14369500",42.354006,-123.406728,"USC00353445","GRANTS PASS",42.4244,-123.3236,10.3863977122227
"809","385106106571000",38.851659,-106.953377,"USC00051959","CRESTED BUTTE",38.8739,-106.9772,3.22035017123515
"810","402114105350101",40.353873,-105.584168,"USR0000CEST","ESTES PARK COLORADO",40.3667,-105.55,3.22730425361452
