"","agency_cd","site_no","Date","Wtemp","Wtemp_cd","Flow","Flow_cd"
"1","USGS","11111500",1974-08-19,20.2,"A",0.09,"A"
"2","USGS","11111500",1974-08-20,18.2,"A",0.09,"A"
"3","USGS","11111500",1974-08-21,18.3,"A",0.13,"A"
"4","USGS","11111500",1974-08-22,18.7,"A",0.08,"A"
"5","USGS","11111500",1974-08-23,19.4,"A",0.08,"A"
"6","USGS","11111500",1974-08-24,18.1,"A",0.07,"A"
"7","USGS","11111500",1974-08-25,16.8,"A",0.06,"A"
"8","USGS","11111500",1974-08-26,18.5,"A",0.07,"A"
"9","USGS","11111500",1974-08-27,17.3,"A",0.08,"A"
"10","USGS","11111500",1974-08-28,18,"A",0.09,"A"
"11","USGS","11111500",1974-08-29,18.1,"A",0.09,"A"
"12","USGS","11111500",1974-08-30,17.9,"A",0.08,"A"
"13","USGS","11111500",1974-08-31,17.3,"A",0.05,"A"
"14","USGS","11111500",1974-09-01,16.7,"A",0.04,"A"
"15","USGS","11111500",1974-09-02,17.4,"A",0.04,"A"
"16","USGS","11111500",1974-09-03,19.5,"A",0.03,"A"
"17","USGS","11111500",1974-09-04,19.4,"A",0.04,"A"
"18","USGS","11111500",1974-09-05,19.2,"A",0.08,"A"
"19","USGS","11111500",1974-09-06,19.5,"A",0.06,"A"
"20","USGS","11111500",1974-09-07,19.6,"A",0.07,"A"
"21","USGS","11111500",1974-09-08,19.8,"A",0.13,"A"
"22","USGS","11111500",1974-09-09,19.9,"A",0.12,"A"
"23","USGS","11111500",1974-09-10,19.5,"A",0.18,"A"
"24","USGS","11111500",1974-09-11,18.6,"A",0.18,"A"
"25","USGS","11111500",1974-09-12,18.3,"A",0.18,"A"
"26","USGS","11111500",1974-09-13,16.9,"A",0.12,"A"
"27","USGS","11111500",1974-09-14,15.9,"A",0.18,"A"
"28","USGS","11111500",1974-09-15,16.1,"A",0.12,"A"
"29","USGS","11111500",1974-09-16,16.4,"A",0.07,"A"
"30","USGS","11111500",1974-09-17,17,"A",0.07,"A"
"31","USGS","11111500",1974-09-18,17.2,"A",0.07,"A"
"32","USGS","11111500",1974-09-19,16.9,"A",0.07,"A"
"33","USGS","11111500",1974-09-20,18.1,"A",0.12,"A"
"34","USGS","11111500",1974-09-21,17.6,"A",0.12,"A"
"35","USGS","11111500",1974-09-22,18.2,"A",0.12,"A"
"36","USGS","11111500",1974-09-23,18.3,"A",0.12,"A"
"37","USGS","11111500",1974-09-24,18.1,"A",0.14,"A"
"38","USGS","11111500",1974-09-25,17.3,"A",0.17,"A"
"39","USGS","11111500",1974-09-26,17.3,"A",0.17,"A"
"40","USGS","11111500",1974-10-09,13.1,"A",0.15,"A"
"41","USGS","11111500",1974-10-10,13.3,"A",0.06,"A"
"42","USGS","11111500",1974-10-11,13.9,"A",0.09,"A"
"43","USGS","11111500",1974-10-30,9.9,"A",0.32,"A"
"44","USGS","11111500",1974-10-31,9.5,"A",0.37,"A"
"45","USGS","11111500",1974-11-01,8.6,"A",0.4,"A"
"46","USGS","11111500",1974-11-02,9.2,"A",0.4,"A"
"47","USGS","11111500",1974-11-03,8.8,"A",0.36,"A"
"48","USGS","11111500",1974-11-04,7.8,"A",0.4,"A"
"49","USGS","11111500",1974-11-05,8.2,"A",0.49,"A"
"50","USGS","11111500",1974-11-06,8.1,"A",0.51,"A"
"51","USGS","11111500",1974-11-07,7.9,"A",0.51,"A"
"52","USGS","11111500",1974-11-08,8.2,"A",0.6,"A"
"53","USGS","11111500",1974-11-09,7.9,"A",0.58,"A"
"54","USGS","11111500",1974-11-10,8.8,"A",0.55,"A"
"55","USGS","11111500",1974-11-11,8.6,"A",0.58,"A"
"56","USGS","11111500",1974-11-12,8.5,"A",0.51,"A"
"57","USGS","11111500",1974-11-13,9.2,"A",0.51,"A"
"58","USGS","11111500",1974-11-14,9.3,"A",0.51,"A"
"59","USGS","11111500",1974-11-15,9.8,"A",0.57,"A"
"60","USGS","11111500",1974-11-16,9.4,"A",0.6,"A"
"61","USGS","11111500",1974-11-17,9.2,"A",0.61,"A"
"62","USGS","11111500",1974-11-18,8.7,"A",0.64,"A"
"63","USGS","11111500",1974-11-19,8.9,"A",0.74,"A"
"64","USGS","11111500",1974-11-20,9,"A",0.74,"A"
"65","USGS","11111500",1974-11-21,9.7,"A",0.73,"A"
"66","USGS","11111500",1974-11-22,9,"A",0.83,"A"
"67","USGS","11111500",1974-11-23,6.7,"A",0.88,"A"
"68","USGS","11111500",1974-11-24,6.2,"A",0.88,"A"
"69","USGS","11111500",1974-11-25,6.5,"A",0.87,"A"
"70","USGS","11111500",1974-11-26,6,"A",0.88,"A"
"71","USGS","11111500",1974-11-27,6.1,"A",0.88,"A"
"72","USGS","11111500",1974-11-28,6.1,"A",0.88,"A"
"73","USGS","11111500",1974-11-29,5.2,"A",1,"A"
"74","USGS","11111500",1974-11-30,5.9,"A",1,"A"
"75","USGS","11111500",1974-12-01,5.7,"A",1,"A"
"76","USGS","11111500",1974-12-02,6.5,"A",1,"A"
"77","USGS","11111500",1974-12-03,7.9,"A",8.9,"A"
"78","USGS","11111500",1974-12-04,8.3,"A",118,"A"
"79","USGS","11111500",1974-12-05,7,"A",7.3,"A"
"80","USGS","11111500",1974-12-06,6.6,"A",3.7,"A"
"81","USGS","11111500",1974-12-07,7.3,"A",2.5,"A"
"82","USGS","11111500",1974-12-08,6.4,"A",2,"A"
"83","USGS","11111500",1974-12-09,4.9,"A",1.8,"A"
"84","USGS","11111500",1974-12-10,5.2,"A",1.4,"A"
"85","USGS","11111500",1974-12-11,6.8,"A",1.4,"A"
"86","USGS","11111500",1974-12-12,8.5,"A",1.2,"A"
"87","USGS","11111500",1974-12-13,7.1,"A",1.2,"A"
"88","USGS","11111500",1974-12-14,6.9,"A",1.4,"A"
"89","USGS","11111500",1974-12-15,8,"A",1.4,"A"
"90","USGS","11111500",1974-12-16,7.4,"A",1,"A"
"91","USGS","11111500",1974-12-17,7.5,"A",1,"A"
"92","USGS","11111500",1974-12-18,5.5,"A",1,"A"
"93","USGS","11111500",1974-12-19,6.3,"A",1,"A"
"94","USGS","11111500",1974-12-20,7.4,"A",1.2,"A"
"95","USGS","11111500",1974-12-21,6.5,"A",1,"A"
"96","USGS","11111500",1974-12-22,4.3,"A",1.2,"A"
"97","USGS","11111500",1974-12-23,2.2,"A",1,"A"
"98","USGS","11111500",1974-12-24,2.3,"A",1,"A"
"99","USGS","11111500",1974-12-25,3.1,"A",1,"A"
"100","USGS","11111500",1974-12-26,3.5,"A",1.2,"A"
"101","USGS","11111500",1974-12-27,3.9,"A",1.2,"A"
"102","USGS","11111500",1974-12-29,3.5,"A",2,"A"
"103","USGS","11111500",1974-12-30,3.3,"A",1.8,"A"
"104","USGS","11111500",1974-12-31,2.9,"A",1.6,"A"
"105","USGS","11111500",1975-01-01,2.9,"A",1.6,"A"
"106","USGS","11111500",1975-01-02,3.5,"A",1.8,"A"
"107","USGS","11111500",1975-01-03,3.1,"A",1.8,"A"
"108","USGS","11111500",1975-01-04,4.3,"A",2.1,"A"
"109","USGS","11111500",1975-01-05,4.9,"A",2.1,"A"
"110","USGS","11111500",1975-01-06,6.5,"A",2.6,"A"
"111","USGS","11111500",1975-01-07,7.5,"A",2.6,"A"
"112","USGS","11111500",1975-01-08,6.8,"A",2.1,"A"
"113","USGS","11111500",1975-01-09,3.1,"A",2.1,"A"
"114","USGS","11111500",1975-01-10,5,"A",2.1,"A"
"115","USGS","11111500",1975-01-11,5.4,"A",2.1,"A"
"116","USGS","11111500",1975-01-12,5.5,"A",1.9,"A"
"117","USGS","11111500",1975-01-13,5.8,"A",1.9,"A"
"118","USGS","11111500",1975-01-14,5.9,"A",1.8,"A"
"119","USGS","11111500",1975-01-15,6.3,"A",1.5,"A"
"120","USGS","11111500",1975-01-16,6.7,"A",1.5,"A"
"121","USGS","11111500",1975-01-17,6.5,"A",1.5,"A"
"122","USGS","11111500",1975-01-18,7,"A",1.5,"A"
"123","USGS","11111500",1975-01-19,7.3,"A",1.5,"A"
"124","USGS","11111500",1975-01-20,7.4,"A",1.5,"A"
"125","USGS","11111500",1975-01-21,7.9,"A",1.4,"A"
"126","USGS","11111500",1975-01-22,6.8,"A",1.5,"A"
"127","USGS","11111500",1975-01-23,6.9,"A",1.6,"A"
"128","USGS","11111500",1975-01-24,7.9,"A",1.5,"A"
"129","USGS","11111500",1975-01-25,8.1,"A",1.5,"A"
"130","USGS","11111500",1975-01-26,7.7,"A",1.5,"A"
"131","USGS","11111500",1975-02-06,8.7,"A",4.9,"A"
"132","USGS","11111500",1975-02-07,8.7,"A",3.9,"A"
"133","USGS","11111500",1975-02-08,8.3,"A",3.4,"A"
"134","USGS","11111500",1975-02-09,8.3,"A",31,"A"
"135","USGS","11111500",1975-02-10,7.9,"A",27,"A"
"136","USGS","11111500",1975-02-11,8.1,"A",14,"A"
"137","USGS","11111500",1975-02-12,7.9,"A",7.8,"A"
"138","USGS","11111500",1975-02-13,8.5,"A",6,"A"
"139","USGS","11111500",1975-02-14,8.4,"A",5.1,"A"
"140","USGS","11111500",1975-02-15,7.4,"A",4.4,"A"
"141","USGS","11111500",1975-02-16,6.8,"A",3.7,"A"
"142","USGS","11111500",1975-02-17,6.9,"A",3.4,"A"
"143","USGS","11111500",1975-02-18,7.2,"A",3.1,"A"
"144","USGS","11111500",1975-02-19,8,"A",3.1,"A"
"145","USGS","11111500",1975-02-20,8,"A",3.1,"A"
"146","USGS","11111500",1975-02-21,6,"A",3.1,"A"
"147","USGS","11111500",1975-02-22,6.7,"A",3.4,"A"
"148","USGS","11111500",1975-02-23,7.6,"A",3.4,"A"
"149","USGS","11111500",1975-02-24,8,"A",3.4,"A"
"150","USGS","11111500",1975-02-25,8.3,"A",2.8,"A"
"151","USGS","11111500",1975-02-26,7.4,"A",2.8,"A"
"152","USGS","11111500",1975-02-27,6.5,"A",2.5,"A"
"153","USGS","11111500",1975-02-28,6.2,"A",2.5,"A"
"154","USGS","11111500",1975-03-01,6.3,"A",2.5,"A"
"155","USGS","11111500",1975-03-02,5.3,"A",2.5,"A"
"156","USGS","11111500",1975-03-03,5,"A",2.5,"A"
"157","USGS","11111500",1975-03-04,4.8,"A",2.5,"A"
"158","USGS","11111500",1975-03-13,6.5,"A",46,"A"
"159","USGS","11111500",1975-03-14,6,"A",44,"A"
"160","USGS","11111500",1975-03-15,7.5,"A",38,"A"
"161","USGS","11111500",1975-03-16,7.5,"A",35,"A"
"162","USGS","11111500",1975-03-17,6.5,"A",30,"A"
"163","USGS","11111500",1975-03-18,7,"A",28,"A"
"164","USGS","11111500",1975-03-19,8.5,"A",27,"A"
"165","USGS","11111500",1975-03-20,8.5,"A",24,"A"
"166","USGS","11111500",1975-03-21,8,"A",22,"A"
"167","USGS","11111500",1975-03-22,7.5,"A",25,"A"
"168","USGS","11111500",1975-03-23,5.5,"A",17,"A"
"169","USGS","11111500",1975-03-24,8,"A",16,"A"
"170","USGS","11111500",1975-03-25,9.5,"A",16,"A"
"171","USGS","11111500",1975-03-26,4.5,"A",15,"A"
"172","USGS","11111500",1975-03-27,5.5,"A",14,"A"
"173","USGS","11111500",1975-03-30,8.6,"A",11,"A"
"174","USGS","11111500",1975-03-31,7.6,"A",11,"A"
"175","USGS","11111500",1975-04-01,7.3,"A",11,"A"
"176","USGS","11111500",1975-04-02,7.6,"A",11,"A"
"177","USGS","11111500",1975-04-03,8.3,"A",11,"A"
"178","USGS","11111500",1975-04-04,8.9,"A",10,"A"
"179","USGS","11111500",1975-04-05,7,"A",17,"A"
"180","USGS","11111500",1975-04-06,5.9,"A",17,"A"
"181","USGS","11111500",1975-04-07,6.8,"A",16,"A"
"182","USGS","11111500",1975-04-08,7.6,"A",14,"A"
"183","USGS","11111500",1975-04-09,8.3,"A",14,"A"
"184","USGS","11111500",1975-04-10,8.3,"A",13,"A"
"185","USGS","11111500",1975-04-11,8.5,"A",12,"A"
"186","USGS","11111500",1975-04-12,9.3,"A",12,"A"
"187","USGS","11111500",1975-04-13,9.4,"A",11,"A"
"188","USGS","11111500",1975-04-14,8.4,"A",12,"A"
"189","USGS","11111500",1975-04-15,7.8,"A",13,"A"
"190","USGS","11111500",1975-04-25,11.8,"A",9.2,"A"
"191","USGS","11111500",1975-04-26,9.4,"A",9.8,"A"
"192","USGS","11111500",1975-04-27,11.4,"A",8.9,"A"
"193","USGS","11111500",1975-04-28,12.4,"A",8.4,"A"
"194","USGS","11111500",1975-04-29,12.7,"A",8.9,"A"
"195","USGS","11111500",1975-04-30,13.1,"A",8.9,"A"
"196","USGS","11111500",1975-05-01,13.4,"A",7.8,"A"
"197","USGS","11111500",1975-05-02,14.3,"A",7.3,"A"
"198","USGS","11111500",1975-05-03,14.6,"A",8.4,"A"
"199","USGS","11111500",1975-05-04,12.6,"A",6.8,"A"
"200","USGS","11111500",1975-05-05,10.8,"A",6.8,"A"
"201","USGS","11111500",1975-05-06,12.1,"A",7.8,"A"
"202","USGS","11111500",1975-05-07,13,"A",9.5,"A"
"203","USGS","11111500",1975-05-08,13.6,"A",9.5,"A"
"204","USGS","11111500",1975-05-09,14.4,"A",8.9,"A"
"205","USGS","11111500",1975-05-10,14.6,"A",7.3,"A"
"206","USGS","11111500",1975-05-11,15.9,"A",8.4,"A"
"207","USGS","11111500",1975-05-12,16,"A",8.9,"A"
"208","USGS","11111500",1975-05-13,15.8,"A",7.8,"A"
"209","USGS","11111500",1975-05-14,14.9,"A",8.4,"A"
"210","USGS","11111500",1975-05-15,15.6,"A",8.4,"A"
"211","USGS","11111500",1975-05-16,15.6,"A",7.8,"A"
"212","USGS","11111500",1975-05-17,16,"A",7.8,"A"
"213","USGS","11111500",1975-05-18,17.1,"A",8.9,"A"
"214","USGS","11111500",1975-05-19,16.8,"A",8.4,"A"
"215","USGS","11111500",1975-05-20,13.3,"A",8.4,"A"
"216","USGS","11111500",1975-05-21,12.4,"A",7.8,"A"
"217","USGS","11111500",1975-05-22,14.3,"A",7.8,"A"
"218","USGS","11111500",1975-05-23,15.6,"A",7.3,"A"
"219","USGS","11111500",1975-05-24,16.5,"A",7.8,"A"
"220","USGS","11111500",1975-05-25,17.3,"A",7.3,"A"
"221","USGS","11111500",1975-05-26,17.2,"A",7.8,"A"
"222","USGS","11111500",1975-05-27,17.2,"A",6.8,"A"
"223","USGS","11111500",1975-05-28,17.4,"A",6.4,"A"
"224","USGS","11111500",1975-05-29,17.1,"A",4.7,"A"
"225","USGS","11111500",1975-05-30,16.9,"A",5.1,"A"
"226","USGS","11111500",1975-05-31,17.4,"A",4.4,"A"
"227","USGS","11111500",1975-06-01,17.4,"A",3.7,"A"
"228","USGS","11111500",1975-06-02,17.2,"A",3.4,"A"
"229","USGS","11111500",1975-06-03,16.6,"A",3.4,"A"
"230","USGS","11111500",1975-06-04,16.3,"A",3.4,"A"
"231","USGS","11111500",1975-06-05,18,"A",3.1,"A"
"232","USGS","11111500",1975-06-06,18.8,"A",3.3,"A"
"233","USGS","11111500",1975-06-07,18.7,"A",3.2,"A"
"234","USGS","11111500",1975-06-08,18.5,"A",3,"A"
"235","USGS","11111500",1975-06-09,19,"A",2.8,"A"
"236","USGS","11111500",1975-06-10,18.7,"A",2.7,"A"
"237","USGS","11111500",1975-06-11,18.3,"A",2.8,"A"
"238","USGS","11111500",1975-06-12,18,"A",2.8,"A"
"239","USGS","11111500",1975-06-13,18.3,"A",2.8,"A"
"240","USGS","11111500",1975-06-14,19.5,"A",2.4,"A"
"241","USGS","11111500",1975-06-15,19.3,"A",1.7,"A"
"242","USGS","11111500",1975-06-16,19.2,"A",1.4,"A"
"243","USGS","11111500",1975-06-17,18,"A",1.5,"A"
"244","USGS","11111500",1975-06-18,16.8,"A",2,"A"
"245","USGS","11111500",1975-06-19,13.7,"A",2.8,"A"
"246","USGS","11111500",1975-06-20,15.7,"A",2.9,"A"
"247","USGS","11111500",1975-06-21,17.8,"A",2.2,"A"
"248","USGS","11111500",1975-06-22,18.5,"A",1.8,"A"
"249","USGS","11111500",1975-06-23,17.7,"A",1.7,"A"
"250","USGS","11111500",1975-06-24,16.7,"A",1.8,"A"
"251","USGS","11111500",1975-06-25,16.4,"A",1.7,"A"
"252","USGS","11111500",1975-06-26,16.5,"A",1.6,"A"
"253","USGS","11111500",1975-06-27,17.9,"A",1.4,"A"
"254","USGS","11111500",1975-06-28,18,"A",1.3,"A"
"255","USGS","11111500",1975-06-29,18.6,"A",1.5,"A"
"256","USGS","11111500",1975-06-30,18.5,"A",1.4,"A"
"257","USGS","11111500",1975-07-01,18.1,"A",1.4,"A"
"258","USGS","11111500",1975-07-02,17.7,"A",1.3,"A"
"259","USGS","11111500",1975-07-03,17.7,"A",1.5,"A"
"260","USGS","11111500",1975-07-04,16.8,"A",1.3,"A"
"261","USGS","11111500",1975-07-05,17.2,"A",1.2,"A"
"262","USGS","11111500",1975-07-06,18.3,"A",1.2,"A"
"263","USGS","11111500",1975-07-07,19.6,"A",1.2,"A"
"264","USGS","11111500",1975-07-08,20,"A",1,"A"
"265","USGS","11111500",1975-07-09,20.6,"A",1,"A"
"266","USGS","11111500",1975-07-10,20.8,"A",1,"A"
"267","USGS","11111500",1975-07-11,21,"A",0.88,"A"
"268","USGS","11111500",1975-07-12,19.5,"A",0.88,"A"
"269","USGS","11111500",1975-07-13,18.1,"A",0.88,"A"
"270","USGS","11111500",1975-07-14,16.5,"A",0.88,"A"
"271","USGS","11111500",1975-07-15,17.2,"A",0.74,"A"
"272","USGS","11111500",1975-07-16,18.5,"A",0.74,"A"
"273","USGS","11111500",1975-07-17,18.9,"A",0.88,"A"
"274","USGS","11111500",1975-07-18,18.5,"A",0.74,"A"
"275","USGS","11111500",1975-07-19,18.7,"A",0.74,"A"
"276","USGS","11111500",1975-07-20,19.2,"A",0.74,"A"
"277","USGS","11111500",1975-07-21,18.9,"A",0.74,"A"
"278","USGS","11111500",1975-07-22,18.1,"A",0.74,"A"
"279","USGS","11111500",1975-07-23,18.5,"A",0.61,"A"
"280","USGS","11111500",1975-07-24,18.9,"A",0.5,"A"
"281","USGS","11111500",1975-07-25,19.4,"A",0.4,"A"
"282","USGS","11111500",1975-07-26,20.2,"A",0.4,"A"
"283","USGS","11111500",1975-07-27,19.4,"A",0.4,"A"
"284","USGS","11111500",1975-07-28,19.5,"A",0.39,"A"
"285","USGS","11111500",1975-07-29,19.5,"A",0.37,"A"
"286","USGS","11111500",1975-07-30,19.1,"A",0.34,"A"
"287","USGS","11111500",1975-07-31,17.7,"A",0.34,"A"
"288","USGS","11111500",1975-08-01,17.9,"A",0.29,"A"
"289","USGS","11111500",1975-08-02,18.3,"A",0.24,"A"
"290","USGS","11111500",1975-08-03,18.3,"A",0.24,"A"
"291","USGS","11111500",1975-08-04,17.9,"A",0.24,"A"
"292","USGS","11111500",1975-09-08,18.2,"A",0.17,"A"
"293","USGS","11111500",1975-09-09,18.4,"A",0.17,"A"
"294","USGS","11111500",1975-09-10,18.5,"A",0.17,"A"
"295","USGS","11111500",1975-09-11,18.7,"A",0.17,"A"
"296","USGS","11111500",1975-09-12,18.3,"A",0.17,"A"
"297","USGS","11111500",1975-09-13,18.8,"A",0.17,"A"
"298","USGS","11111500",1975-09-14,18.3,"A",0.17,"A"
"299","USGS","11111500",1975-09-15,17.4,"A",0.17,"A"
"300","USGS","11111500",1975-09-16,18.5,"A",0.24,"A"
"301","USGS","11111500",1975-09-17,20.8,"A",0.31,"A"
"302","USGS","11111500",1975-09-18,20.4,"A",0.24,"A"
"303","USGS","11111500",1975-09-19,19.8,"A",0.17,"A"
"304","USGS","11111500",1975-09-20,19,"A",0.17,"A"
"305","USGS","11111500",1975-09-21,17.8,"A",0.17,"A"
"306","USGS","11111500",1975-09-22,17.6,"A",0.17,"A"
"307","USGS","11111500",1975-09-23,17.2,"A",0.17,"A"
"308","USGS","11111500",1975-09-24,16.5,"A",0.17,"A"
"309","USGS","11111500",1975-09-25,15.8,"A",0.17,"A"
"310","USGS","11111500",1975-09-26,15.4,"A",0.17,"A"
"311","USGS","11111500",1975-09-27,15.7,"A",0.24,"A"
"312","USGS","11111500",1975-09-28,15.4,"A",0.17,"A"
"313","USGS","11111500",1975-09-29,15.7,"A",0.17,"A"
"314","USGS","11111500",1975-09-30,15.8,"A",0.17,"A"
"315","USGS","11111500",1975-10-01,15.7,"A",0.16,"A"
"316","USGS","11111500",1975-10-02,16,"A",0.17,"A"
"317","USGS","11111500",1975-10-03,16.2,"A",0.19,"A"
"318","USGS","11111500",1975-10-04,16.3,"A",0.17,"A"
"319","USGS","11111500",1975-10-05,15.9,"A",0.17,"A"
"320","USGS","11111500",1975-10-06,14.5,"A",0.17,"A"
"321","USGS","11111500",1975-10-07,13.3,"A",0.19,"A"
"322","USGS","11111500",1975-10-08,12,"A",0.24,"A"
"323","USGS","11111500",1975-10-09,11.8,"A",0.28,"A"
"324","USGS","11111500",1975-10-10,12.3,"A",0.31,"A"
"325","USGS","11111500",1975-10-11,13.6,"A",0.46,"A"
"326","USGS","11111500",1975-10-25,9.1,"A",0.5,"A"
"327","USGS","11111500",1975-10-26,10.9,"A",0.5,"A"
"328","USGS","11111500",1975-10-27,11.3,"A",0.5,"A"
"329","USGS","11111500",1975-10-28,9,"A",0.49,"A"
"330","USGS","11111500",1975-10-29,9,"A",0.51,"A"
"331","USGS","11111500",1975-10-30,9,"A",0.59,"A"
"332","USGS","11111500",1975-10-31,9.7,"A",0.61,"A"
"333","USGS","11111500",1975-11-01,9.5,"A",0.61,"A"
"334","USGS","11111500",1975-11-02,9.6,"A",0.63,"A"
"335","USGS","11111500",1975-11-03,9.8,"A",0.61,"A"
"336","USGS","11111500",1975-11-04,9.7,"A",0.62,"A"
"337","USGS","11111500",1975-11-05,9.2,"A",0.61,"A"
"338","USGS","11111500",1975-11-06,9.4,"A",0.61,"A"
"339","USGS","11111500",1975-11-07,10.6,"A",0.62,"A"
"340","USGS","11111500",1975-11-08,10.8,"A",0.69,"A"
"341","USGS","11111500",1975-11-09,8.7,"A",0.73,"A"
"342","USGS","11111500",1975-11-10,8.6,"A",0.78,"A"
"343","USGS","11111500",1975-11-11,7.6,"A",0.74,"A"
"344","USGS","11111500",1975-11-12,7.3,"A",0.74,"A"
"345","USGS","11111500",1975-11-13,7.4,"A",0.81,"A"
"346","USGS","11111500",1975-11-14,7.9,"A",0.85,"A"
"347","USGS","11111500",1975-11-15,8.2,"A",0.88,"A"
"348","USGS","11111500",1975-11-16,8.7,"A",0.88,"A"
"349","USGS","11111500",1975-11-17,7.1,"A",0.88,"A"
"350","USGS","11111500",1975-11-18,4.9,"A",0.88,"A"
"351","USGS","11111500",1975-11-19,4.5,"A",0.88,"A"
"352","USGS","11111500",1975-11-20,5.5,"A",0.88,"A"
"353","USGS","11111500",1975-11-21,6.2,"A",0.88,"A"
"354","USGS","11111500",1975-11-22,5.7,"A",0.88,"A"
"355","USGS","11111500",1975-11-23,7,"A",0.88,"A"
"356","USGS","11111500",1975-11-24,7.4,"A",0.88,"A"
"357","USGS","11111500",1975-11-25,8.3,"A",0.88,"A"
"358","USGS","11111500",1975-11-26,7,"A",0.88,"A"
"359","USGS","11111500",1975-11-27,7.7,"A",0.88,"A"
"360","USGS","11111500",1975-11-28,6.3,"A",0.92,"A"
"361","USGS","11111500",1975-11-29,4.8,"A",0.88,"A"
"362","USGS","11111500",1975-11-30,5.5,"A",0.88,"A"
"363","USGS","11111500",1975-12-01,7.3,"A",0.88,"A"
"364","USGS","11111500",1975-12-02,8.8,"A",0.88,"A"
"365","USGS","11111500",1975-12-03,8.3,"A",0.88,"A"
"366","USGS","11111500",1975-12-04,7.9,"A",0.88,"A"
"367","USGS","11111500",1975-12-05,6.9,"A",0.88,"A"
"368","USGS","11111500",1975-12-06,6.1,"A",0.88,"A"
"369","USGS","11111500",1975-12-07,6,"A",0.88,"A"
"370","USGS","11111500",1975-12-08,6.2,"A",0.88,"A"
"371","USGS","11111500",1975-12-09,6.5,"A",0.88,"A"
"372","USGS","11111500",1975-12-10,7.8,"A",0.9,"A"
"373","USGS","11111500",1975-12-11,7.6,"A",0.94,"A"
"374","USGS","11111500",1975-12-12,6.9,"A",0.88,"A"
"375","USGS","11111500",1975-12-13,5.8,"A",1,"A"
"376","USGS","11111500",1975-12-14,4.5,"A",1,"A"
"377","USGS","11111500",1975-12-15,4.3,"A",1,"A"
"378","USGS","11111500",1975-12-16,4.3,"A",1,"A"
"379","USGS","11111500",1975-12-17,4.6,"A",0.88,"A"
"380","USGS","11111500",1975-12-18,4.5,"A",0.88,"A"
"381","USGS","11111500",1975-12-19,4.5,"A",0.88,"A"
"382","USGS","11111500",1975-12-20,5.3,"A",0.88,"A"
"383","USGS","11111500",1975-12-21,6.1,"A",0.88,"A"
"384","USGS","11111500",1975-12-22,6,"A",0.91,"A"
"385","USGS","11111500",1975-12-23,5.8,"A",1,"A"
"386","USGS","11111500",1975-12-24,6.7,"A",1,"A"
"387","USGS","11111500",1975-12-25,7.7,"A",1,"A"
"388","USGS","11111500",1975-12-26,7.1,"A",0.98,"A"
"389","USGS","11111500",1975-12-27,8,"A",0.89,"A"
"390","USGS","11111500",1975-12-28,8.3,"A",0.88,"A"
"391","USGS","11111500",1975-12-29,7.4,"A",0.95,"A"
"392","USGS","11111500",1975-12-30,7.4,"A",0.97,"A"
"393","USGS","11111500",1975-12-31,4.5,"A",0.94,"A"
"394","USGS","11111500",1976-01-01,2.5,"A",0.9,"A"
"395","USGS","11111500",1976-01-02,2.6,"A",0.85,"A"
"396","USGS","11111500",1976-01-03,3.3,"A",0.84,"A"
"397","USGS","11111500",1976-01-04,4.6,"A",0.85,"A"
"398","USGS","11111500",1976-01-05,5.5,"A",0.88,"A"
"399","USGS","11111500",1976-01-06,5.7,"A",0.88,"A"
"400","USGS","11111500",1976-01-07,5.3,"A",0.88,"A"
"401","USGS","11111500",1976-01-08,6.2,"A",0.88,"A"
"402","USGS","11111500",1976-01-09,6.4,"A",0.88,"A"
"403","USGS","11111500",1976-01-10,6,"A",0.88,"A"
"404","USGS","11111500",1976-01-11,5,"A",0.88,"A"
"405","USGS","11111500",1976-01-12,6,"A",0.88,"A"
"406","USGS","11111500",1976-01-13,6.6,"A",0.88,"A"
"407","USGS","11111500",1976-01-14,6,"A",0.88,"A"
"408","USGS","11111500",1976-01-15,6.6,"A",0.88,"A"
"409","USGS","11111500",1976-01-16,7.7,"A",0.88,"A"
"410","USGS","11111500",1976-01-17,7.8,"A",0.88,"A"
"411","USGS","11111500",1976-01-18,8.1,"A",0.88,"A"
"412","USGS","11111500",1976-01-19,8.6,"A",0.88,"A"
"413","USGS","11111500",1976-01-20,7.1,"A",0.88,"A"
"414","USGS","11111500",1976-01-21,6.6,"A",0.89,"A"
"415","USGS","11111500",1976-01-22,6.9,"A",0.89,"A"
"416","USGS","11111500",1976-01-23,7,"A",1,"A"
"417","USGS","11111500",1976-01-24,6.9,"A",1,"A"
"418","USGS","11111500",1976-01-25,6.4,"A",0.99,"A"
"419","USGS","11111500",1976-01-26,5.5,"A",0.96,"A"
"420","USGS","11111500",1976-01-27,6.1,"A",0.88,"A"
"421","USGS","11111500",1976-01-28,6.8,"A",0.88,"A"
"422","USGS","11111500",1976-01-29,7.1,"A",0.88,"A"
"423","USGS","11111500",1976-01-30,8,"A",0.88,"A"
"424","USGS","11111500",1976-01-31,8.2,"A",0.88,"A"
"425","USGS","11111500",1976-02-01,7.2,"A",0.88,"A"
"426","USGS","11111500",1976-02-02,7.1,"A",0.88,"A"
"427","USGS","11111500",1976-02-03,7.1,"A",0.88,"A"
"428","USGS","11111500",1976-02-04,6.2,"A",1,"A"
"429","USGS","11111500",1976-02-05,3.6,"A",1.6,"A"
"430","USGS","11111500",1976-02-06,2.1,"A",1.4,"A"
"431","USGS","11111500",1976-02-07,4.4,"A",4,"A"
"432","USGS","11111500",1976-02-08,3.4,"A",33,"A"
"433","USGS","11111500",1976-02-09,2.6,"A",294,"A"
"434","USGS","11111500",1976-02-10,5.5,"A",131,"A"
"435","USGS","11111500",1976-02-11,5.7,"A",30,"A"
"436","USGS","11111500",1976-02-12,6,"A",16,"A"
"437","USGS","11111500",1976-02-13,6.4,"A",11,"A"
"438","USGS","11111500",1976-02-14,8,"A",9.5,"A"
"439","USGS","11111500",1976-02-15,7.1,"A",8.8,"A"
"440","USGS","11111500",1976-02-16,7,"A",8.2,"A"
"441","USGS","11111500",1976-02-17,7.8,"A",7.6,"A"
"442","USGS","11111500",1976-02-18,7.9,"A",7,"A"
"443","USGS","11111500",1976-02-19,7.2,"A",6.7,"A"
"444","USGS","11111500",1976-02-20,6.3,"A",6.3,"A"
"445","USGS","11111500",1976-02-21,6,"A",6,"A"
"446","USGS","11111500",1976-02-22,6.3,"A",5.8,"A"
"447","USGS","11111500",1976-02-23,6.2,"A",5.5,"A"
"448","USGS","11111500",1976-02-24,8,"A",5.3,"A"
"449","USGS","11111500",1976-02-25,8.1,"A",5.2,"A"
"450","USGS","11111500",1976-02-26,8.3,"A",5.1,"A"
"451","USGS","11111500",1976-02-27,9.1,"A",4.8,"A"
"452","USGS","11111500",1976-02-28,10,"A",4.8,"A"
"453","USGS","11111500",1976-02-29,10.2,"A",5.2,"A"
"454","USGS","11111500",1976-03-01,10,"A",9.5,"A"
"455","USGS","11111500",1976-03-02,4.4,"A",8.9,"A"
"456","USGS","11111500",1976-03-03,4,"A",9.5,"A"
"457","USGS","11111500",1976-03-04,5.6,"A",7.8,"A"
"458","USGS","11111500",1976-03-05,7.3,"A",7.8,"A"
"459","USGS","11111500",1976-03-06,7.2,"A",7.8,"A"
"460","USGS","11111500",1976-03-07,7.5,"A",7.3,"A"
"461","USGS","11111500",1976-03-08,7.4,"A",7.3,"A"
"462","USGS","11111500",1976-03-09,8.3,"A",6.8,"A"
"463","USGS","11111500",1976-03-10,9.5,"A",7.3,"A"
"464","USGS","11111500",1976-03-11,10.2,"A",6.8,"A"
"465","USGS","11111500",1976-03-12,9.3,"A",5.9,"A"
"466","USGS","11111500",1976-03-13,8.9,"A",5.9,"A"
"467","USGS","11111500",1976-03-14,10.1,"A",5.5,"A"
"468","USGS","11111500",1976-03-15,10.7,"A",5.1,"A"
"469","USGS","11111500",1976-03-16,11.1,"A",4.7,"A"
"470","USGS","11111500",1976-03-17,12.2,"A",4.7,"A"
"471","USGS","11111500",1976-03-18,11.4,"A",4.7,"A"
"472","USGS","11111500",1976-03-19,10.1,"A",4.4,"A"
"473","USGS","11111500",1976-03-20,9.1,"A",4.4,"A"
"474","USGS","11111500",1976-03-21,10.1,"A",4,"A"
"475","USGS","11111500",1976-03-22,10.5,"A",4,"A"
"476","USGS","11111500",1976-03-23,11.6,"A",4,"A"
"477","USGS","11111500",1976-03-24,11.5,"A",3.7,"A"
"478","USGS","11111500",1976-03-25,10.7,"A",3.7,"A"
"479","USGS","11111500",1976-03-26,10.1,"A",3.7,"A"
"480","USGS","11111500",1976-03-27,9.8,"A",3.7,"A"
"481","USGS","11111500",1976-03-28,8.7,"A",4,"A"
"482","USGS","11111500",1976-03-29,10.4,"A",3.7,"A"
"483","USGS","11111500",1976-03-30,10.7,"A",3.4,"A"
"484","USGS","11111500",1976-03-31,10.8,"A",3.4,"A"
"485","USGS","11111500",1976-04-01,10.8,"A",3.4,"A"
"486","USGS","11111500",1976-04-02,10.8,"A",3.4,"A"
"487","USGS","11111500",1976-04-03,8,"A",3.4,"A"
"488","USGS","11111500",1976-04-04,7.1,"A",5.6,"A"
"489","USGS","11111500",1976-04-05,7.1,"A",5.7,"A"
"490","USGS","11111500",1976-04-06,10.4,"A",4.9,"A"
"491","USGS","11111500",1976-04-07,11.4,"A",4.2,"A"
"492","USGS","11111500",1976-04-08,10.1,"A",4.7,"A"
"493","USGS","11111500",1976-04-09,11,"A",4.2,"A"
"494","USGS","11111500",1976-04-10,10.8,"A",3.8,"A"
"495","USGS","11111500",1976-04-11,10.5,"A",3.5,"A"
"496","USGS","11111500",1976-04-12,8.3,"A",4.1,"A"
"497","USGS","11111500",1976-04-13,8.1,"A",5.9,"A"
"498","USGS","11111500",1976-04-14,9.3,"A",5.8,"A"
"499","USGS","11111500",1976-04-15,8.9,"A",5.1,"A"
"500","USGS","11111500",1976-04-16,8.1,"A",5.1,"A"
"501","USGS","11111500",1976-04-17,9.8,"A",4.2,"A"
"502","USGS","11111500",1976-04-18,11.5,"A",3.7,"A"
"503","USGS","11111500",1976-04-19,12.5,"A",3.4,"A"
"504","USGS","11111500",1976-04-20,13.7,"A",3.1,"A"
"505","USGS","11111500",1976-04-21,13.8,"A",3.1,"A"
"506","USGS","11111500",1976-04-22,14.2,"A",3.1,"A"
"507","USGS","11111500",1976-04-23,14.5,"A",2.8,"A"
"508","USGS","11111500",1976-04-24,14.5,"A",2.8,"A"
"509","USGS","11111500",1976-04-25,14.5,"A",2.5,"A"
"510","USGS","11111500",1976-04-26,12.8,"A",2.5,"A"
"511","USGS","11111500",1976-04-27,12.7,"A",2.8,"A"
"512","USGS","11111500",1976-04-28,14.3,"A",2.8,"A"
"513","USGS","11111500",1976-04-29,14.2,"A",2.5,"A"
"514","USGS","11111500",1976-04-30,14.8,"A",2.3,"A"
"515","USGS","11111500",1976-05-01,15,"A",2.3,"A"
"516","USGS","11111500",1976-05-02,15.5,"A",2.2,"A"
"517","USGS","11111500",1976-05-03,15.3,"A",2.3,"A"
"518","USGS","11111500",1976-05-04,15.8,"A",2.3,"A"
"519","USGS","11111500",1976-05-05,12.4,"A",2.4,"A"
"520","USGS","11111500",1976-05-06,11.6,"A",2.8,"A"
"521","USGS","11111500",1976-05-07,13.1,"A",2.7,"A"
"522","USGS","11111500",1976-05-08,14.9,"A",2.4,"A"
"523","USGS","11111500",1976-05-09,15.7,"A",2.3,"A"
"524","USGS","11111500",1976-05-10,15.7,"A",2.3,"A"
"525","USGS","11111500",1976-05-11,16.8,"A",2.1,"A"
"526","USGS","11111500",1976-05-12,17.3,"A",1.8,"A"
"527","USGS","11111500",1976-05-13,17.4,"A",1.6,"A"
"528","USGS","11111500",1976-05-14,18.3,"A",1.4,"A"
"529","USGS","11111500",1976-05-15,17.6,"A",1.4,"A"
"530","USGS","11111500",1976-05-16,16.9,"A",1.4,"A"
"531","USGS","11111500",1976-05-17,16.8,"A",1.4,"A"
"532","USGS","11111500",1976-05-18,16.2,"A",1.4,"A"
"533","USGS","11111500",1976-05-19,15.4,"A",1.4,"A"
"534","USGS","11111500",1976-05-20,15.4,"A",1.6,"A"
"535","USGS","11111500",1976-05-21,15.4,"A",1.6,"A"
"536","USGS","11111500",1976-05-22,15.9,"A",1.6,"A"
"537","USGS","11111500",1976-05-23,16.4,"A",1.6,"A"
"538","USGS","11111500",1976-05-24,16,"A",1.6,"A"
"539","USGS","11111500",1976-05-25,16.3,"A",1,"A"
"540","USGS","11111500",1976-05-26,17,"A",1.2,"A"
"541","USGS","11111500",1976-05-27,16.9,"A",1.4,"A"
"542","USGS","11111500",1976-05-28,17.1,"A",1.5,"A"
"543","USGS","11111500",1976-05-29,16.1,"A",1.5,"A"
"544","USGS","11111500",1976-05-30,16.4,"A",1.7,"A"
"545","USGS","11111500",1976-05-31,16.9,"A",1.5,"A"
"546","USGS","11111500",1976-06-01,16.7,"A",1.3,"A"
"547","USGS","11111500",1976-06-02,16.8,"A",1.3,"A"
"548","USGS","11111500",1976-06-03,17.1,"A",1.1,"A"
"549","USGS","11111500",1976-06-04,16.5,"A",1.3,"A"
"550","USGS","11111500",1976-06-05,16.5,"A",1.3,"A"
"551","USGS","11111500",1976-06-06,16.4,"A",1.3,"A"
"552","USGS","11111500",1976-06-07,15.8,"A",1.4,"A"
"553","USGS","11111500",1976-06-08,15.3,"A",1.7,"A"
"554","USGS","11111500",1976-06-09,15.4,"A",2.1,"A"
"555","USGS","11111500",1976-06-10,14.6,"A",3.2,"A"
"556","USGS","11111500",1976-06-11,15.8,"A",3.5,"A"
"557","USGS","11111500",1976-06-12,17.8,"A",2.3,"A"
"558","USGS","11111500",1976-06-13,17.6,"A",1.6,"A"
"559","USGS","11111500",1976-06-14,17.3,"A",1.3,"A"
"560","USGS","11111500",1976-06-15,17.2,"A",0.93,"A"
"561","USGS","11111500",1976-06-16,18.8,"A",0.89,"A"
"562","USGS","11111500",1976-06-17,18.6,"A",0.86,"A"
"563","USGS","11111500",1976-06-18,17.7,"A",0.88,"A"
"564","USGS","11111500",1976-06-19,17.1,"A",0.79,"A"
"565","USGS","11111500",1976-06-20,17.3,"A",0.76,"A"
"566","USGS","11111500",1976-07-01,18,"A",0.63,"A"
"567","USGS","11111500",1976-07-02,18.2,"A",0.55,"A"
"568","USGS","11111500",1976-07-03,18.6,"A",0.62,"A"
"569","USGS","11111500",1976-07-04,20,"A",0.6,"A"
"570","USGS","11111500",1976-07-05,20.2,"A",0.54,"A"
"571","USGS","11111500",1976-07-06,20.5,"A",0.45,"A"
"572","USGS","11111500",1976-07-07,20.7,"A",0.38,"A"
"573","USGS","11111500",1976-07-08,20.5,"A",0.43,"A"
"574","USGS","11111500",1976-07-09,20.9,"A",0.38,"A"
"575","USGS","11111500",1976-07-10,20.8,"A",0.34,"A"
"576","USGS","11111500",1976-07-11,21,"A",0.36,"A"
"577","USGS","11111500",1976-07-12,20.9,"A",0.34,"A"
"578","USGS","11111500",1976-07-13,19.9,"A",0.37,"A"
"579","USGS","11111500",1976-07-14,20,"A",0.34,"A"
"580","USGS","11111500",1976-07-15,19.7,"A",0.38,"A"
"581","USGS","11111500",1976-07-16,19.3,"A",0.33,"A"
"582","USGS","11111500",1976-07-17,19.5,"A",0.27,"A"
"583","USGS","11111500",1976-07-18,19.9,"A",0.24,"A"
"584","USGS","11111500",1976-07-19,20.3,"A",0.26,"A"
"585","USGS","11111500",1976-07-20,20.5,"A",0.25,"A"
"586","USGS","11111500",1976-07-21,19.4,"A",0.25,"A"
"587","USGS","11111500",1976-07-22,18.6,"A",0.25,"A"
"588","USGS","11111500",1976-07-23,18.6,"A",0.24,"A"
"589","USGS","11111500",1976-07-24,19.7,"A",0.24,"A"
"590","USGS","11111500",1976-07-25,20.3,"A",0.24,"A"
"591","USGS","11111500",1976-07-26,20.6,"A",0.24,"A"
"592","USGS","11111500",1976-07-27,21.5,"A",0.23,"A"
"593","USGS","11111500",1976-07-28,21.5,"A",0.23,"A"
"594","USGS","11111500",1976-07-29,21.5,"A",0.22,"A"
"595","USGS","11111500",1976-07-30,20.8,"A",0.21,"A"
"596","USGS","11111500",1976-07-31,20,"A",0.2,"A"
"597","USGS","11111500",1976-08-07,18.9,"A",0.17,"A"
"598","USGS","11111500",1976-08-08,18.8,"A",0.17,"A"
"599","USGS","11111500",1976-08-09,18.6,"A",0.17,"A"
"600","USGS","11111500",1976-08-10,18.3,"A",0.17,"A"
"601","USGS","11111500",1976-08-11,18.8,"A",0.17,"A"
"602","USGS","11111500",1976-08-12,19.3,"A",0.17,"A"
"603","USGS","11111500",1976-08-13,19.7,"A",0.11,"A"
"604","USGS","11111500",1976-08-14,18.4,"A",0.17,"A"
"605","USGS","11111500",1976-08-15,17.3,"A",0.24,"A"
"606","USGS","11111500",1976-08-16,16.9,"A",0.24,"A"
"607","USGS","11111500",1976-08-17,17.7,"A",0.17,"A"
"608","USGS","11111500",1976-08-18,16.7,"A",0.24,"A"
"609","USGS","11111500",1976-08-19,17.7,"A",0.24,"A"
"610","USGS","11111500",1976-08-20,17.9,"A",0.24,"A"
"611","USGS","11111500",1976-08-21,17,"A",0.17,"A"
"612","USGS","11111500",1976-08-26,19.3,"A",0.1,"A"
"613","USGS","11111500",1976-08-27,18.2,"A",0.1,"A"
"614","USGS","11111500",1976-08-28,18.5,"A",0.1,"A"
"615","USGS","11111500",1976-08-29,18.4,"A",0.1,"A"
"616","USGS","11111500",1976-08-30,19.5,"A",0.1,"A"
"617","USGS","11111500",1976-08-31,19.6,"A",0.1,"A"
"618","USGS","11111500",1976-09-01,19.3,"A",0.1,"A"
"619","USGS","11111500",1976-09-02,19,"A",0.1,"A"
"620","USGS","11111500",1976-09-03,19.5,"A",0.1,"A"
"621","USGS","11111500",1976-09-04,20,"A",0.1,"A"
"622","USGS","11111500",1976-09-05,19.3,"A",0.1,"A"
"623","USGS","11111500",1976-09-06,19.8,"A",0.1,"A"
"624","USGS","11111500",1976-09-07,18.9,"A",0.1,"A"
"625","USGS","11111500",1976-09-08,19,"A",0.1,"A"
"626","USGS","11111500",1976-09-09,19.2,"A",0.1,"A"
"627","USGS","11111500",1976-09-10,18,"A",15,"A"
"628","USGS","11111500",1976-09-11,16.3,"A",43,"A"
"629","USGS","11111500",1976-09-12,16.4,"A",3,"A"
"630","USGS","11111500",1976-09-18,15.7,"A",0.45,"A"
"631","USGS","11111500",1976-09-19,15.9,"A",0.5,"A"
"632","USGS","11111500",1976-09-20,15.3,"A",0.61,"A"
"633","USGS","11111500",1976-09-21,16.3,"A",0.61,"A"
"634","USGS","11111500",1976-09-22,16,"A",0.61,"A"
"635","USGS","11111500",1976-09-23,15.9,"A",0.74,"A"
"636","USGS","11111500",1976-09-24,16.3,"A",0.88,"A"
"637","USGS","11111500",1976-09-25,15.8,"A",1,"A"
"638","USGS","11111500",1976-09-26,15.1,"A",1.2,"A"
"639","USGS","11111500",1976-09-27,16.3,"A",1,"A"
"640","USGS","11111500",1976-09-28,13.8,"A",2.8,"A"
"641","USGS","11111500",1976-09-29,12.6,"A",229,"A"
"642","USGS","11111500",1976-09-30,14.3,"A",15,"A"
"643","USGS","11111500",1976-10-01,13.9,"A",2.8,"A"
"644","USGS","11111500",1976-10-02,13.7,"A",1.7,"A"
"645","USGS","11111500",1976-10-03,13.7,"A",1.1,"A"
"646","USGS","11111500",1976-10-04,13.2,"A",1.1,"A"
"647","USGS","11111500",1976-10-05,13.7,"A",1.1,"A"
"648","USGS","11111500",1976-10-06,14.2,"A",1.1,"A"
"649","USGS","11111500",1976-10-07,14.2,"A",1.1,"A"
"650","USGS","11111500",1976-10-08,13.9,"A",1.1,"A"
"651","USGS","11111500",1976-10-09,12.9,"A",1.1,"A"
"652","USGS","11111500",1976-10-10,12.7,"A",1.1,"A"
"653","USGS","11111500",1976-10-11,13.1,"A",1.1,"A"
"654","USGS","11111500",1976-10-12,13.4,"A",1.1,"A"
"655","USGS","11111500",1976-10-13,12.2,"A",1.1,"A"
"656","USGS","11111500",1976-10-14,12.1,"A",1.1,"A"
"657","USGS","11111500",1976-10-15,11.9,"A",1.1,"A"
"658","USGS","11111500",1976-10-16,11.6,"A",1.1,"A"
"659","USGS","11111500",1976-10-17,11.4,"A",1.1,"A"
"660","USGS","11111500",1976-10-18,11.5,"A",1.1,"A"
"661","USGS","11111500",1976-10-19,11.9,"A",1.1,"A"
"662","USGS","11111500",1976-10-20,11.8,"A",1.1,"A"
"663","USGS","11111500",1976-10-21,13.1,"A",3.3,"A"
"664","USGS","11111500",1976-10-22,11,"A",7.6,"A"
"665","USGS","11111500",1976-10-23,11.5,"A",3.1,"A"
"666","USGS","11111500",1976-10-24,10.2,"A",2,"A"
"667","USGS","11111500",1976-10-25,9.3,"A",1.5,"A"
"668","USGS","11111500",1976-10-26,9.5,"A",1.4,"A"
"669","USGS","11111500",1976-10-27,9.3,"A",1.4,"A"
"670","USGS","11111500",1976-10-28,8.5,"A",1.3,"A"
"671","USGS","11111500",1976-10-29,8.4,"A",1.3,"A"
"672","USGS","11111500",1976-10-30,8.6,"A",1.3,"A"
"673","USGS","11111500",1976-10-31,8.2,"A",1.2,"A"
"674","USGS","11111500",1976-11-01,8.4,"A",1.4,"A"
"675","USGS","11111500",1976-11-02,8.7,"A",1.4,"A"
"676","USGS","11111500",1976-11-03,9.5,"A",1.4,"A"
"677","USGS","11111500",1976-11-04,9.6,"A",1.4,"A"
"678","USGS","11111500",1976-11-05,9.3,"A",1.4,"A"
"679","USGS","11111500",1976-11-06,9.1,"A",1.4,"A"
"680","USGS","11111500",1976-11-07,9,"A",1.4,"A"
"681","USGS","11111500",1976-11-08,8.8,"A",1.4,"A"
"682","USGS","11111500",1976-11-09,8.7,"A",1.4,"A"
"683","USGS","11111500",1976-11-10,8.9,"A",1.4,"A"
"684","USGS","11111500",1976-11-11,8.7,"A",1.4,"A"
"685","USGS","11111500",1976-11-12,8.9,"A",2.3,"A"
"686","USGS","11111500",1976-11-13,8.3,"A",1.4,"A"
"687","USGS","11111500",1976-11-14,9.9,"A",1.4,"A"
"688","USGS","11111500",1976-11-15,9.3,"A",1.4,"A"
"689","USGS","11111500",1976-11-16,8.9,"A",1.4,"A"
"690","USGS","11111500",1976-11-17,9.6,"A",1.4,"A"
"691","USGS","11111500",1976-11-18,9.5,"A",1.4,"A"
"692","USGS","11111500",1976-11-19,8.8,"A",1.4,"A"
"693","USGS","11111500",1976-11-20,8.1,"A",1.4,"A"
"694","USGS","11111500",1976-11-21,7.3,"A",1.4,"A"
"695","USGS","11111500",1976-11-22,7.5,"A",1.4,"A"
"696","USGS","11111500",1976-11-23,6.9,"A",1.3,"A"
"697","USGS","11111500",1976-11-24,6.6,"A",1.2,"A"
"698","USGS","11111500",1976-11-25,6.6,"A",1.2,"A"
"699","USGS","11111500",1976-11-26,6.9,"A",1.1,"A"
"700","USGS","11111500",1976-11-27,3.7,"A",1.1,"A"
"701","USGS","11111500",1976-11-28,1.9,"A",1.1,"A"
"702","USGS","11111500",1976-11-29,2.6,"A",1,"A"
"703","USGS","11111500",1976-11-30,3.4,"A",1,"A"
"704","USGS","11111500",1976-12-01,3.9,"A",1,"A"
"705","USGS","11111500",1976-12-02,3.9,"A",1.1,"A"
"706","USGS","11111500",1976-12-03,3.8,"A",1.2,"A"
"707","USGS","11111500",1976-12-04,3.9,"A",1.2,"A"
"708","USGS","11111500",1976-12-05,4.5,"A",1.2,"A"
"709","USGS","11111500",1976-12-06,3.2,"A",1.2,"A"
"710","USGS","11111500",1976-12-07,3.4,"A",1.2,"A"
"711","USGS","11111500",1976-12-08,3.3,"A",1.2,"A"
"712","USGS","11111500",1976-12-09,3.7,"A",1.2,"A"
"713","USGS","11111500",1976-12-10,3.3,"A",1.2,"A"
"714","USGS","11111500",1976-12-11,3.3,"A",1.2,"A"
"715","USGS","11111500",1976-12-12,2.8,"A",1.2,"A"
"716","USGS","11111500",1976-12-13,3,"A",1.2,"A"
"717","USGS","11111500",1976-12-14,3.1,"A",1.2,"A"
"718","USGS","11111500",1976-12-15,3.6,"A",1.2,"A"
"719","USGS","11111500",1976-12-16,4.3,"A",1.3,"A"
"720","USGS","11111500",1976-12-17,2.7,"A",1.4,"A"
"721","USGS","11111500",1976-12-18,3.1,"A",1.4,"A"
"722","USGS","11111500",1976-12-19,3.6,"A",1.5,"A"
"723","USGS","11111500",1976-12-20,3.7,"A",1.6,"A"
"724","USGS","11111500",1976-12-21,2.6,"A",1.5,"A"
"725","USGS","11111500",1976-12-22,2.4,"A",1.5,"A"
"726","USGS","11111500",1976-12-23,2.1,"A",1.5,"A"
"727","USGS","11111500",1976-12-24,1.9,"A",1.5,"A"
"728","USGS","11111500",1976-12-25,1.6,"A",1.5,"A"
"729","USGS","11111500",1976-12-26,2,"A",1.5,"A"
"730","USGS","11111500",1976-12-27,2.2,"A",1.6,"A"
"731","USGS","11111500",1976-12-28,2.1,"A",1.7,"A"
"732","USGS","11111500",1976-12-29,2.8,"A",1.7,"A"
"733","USGS","11111500",1976-12-30,4.5,"A",1.8,"A"
"734","USGS","11111500",1976-12-31,5.5,"A",1.2,"A"
"735","USGS","11111500",1977-01-01,5.2,"A",1,"A"
"736","USGS","11111500",1977-01-02,5.5,"A",12,"A"
"737","USGS","11111500",1977-01-03,3.7,"A",40,"A"
"738","USGS","11111500",1977-01-04,3.8,"A",5.3,"A"
"739","USGS","11111500",1977-01-05,2.8,"A",3.1,"A"
"740","USGS","11111500",1977-01-06,1.5,"A",3.4,"A"
"741","USGS","11111500",1977-01-07,1.9,"A",3.4,"A"
"742","USGS","11111500",1977-01-08,2.2,"A",2.8,"A"
"743","USGS","11111500",1977-01-09,1.4,"A",3.4,"A"
"744","USGS","11111500",1977-01-10,1.9,"A",2.8,"A"
"745","USGS","11111500",1977-01-11,2.1,"A",2.8,"A"
"746","USGS","11111500",1977-01-12,2.4,"A",2.8,"A"
"747","USGS","11111500",1977-01-13,2.6,"A",3.1,"A"
"748","USGS","11111500",1977-01-14,2.6,"A",3.1,"A"
"749","USGS","11111500",1977-01-15,2.7,"A",2.8,"A"
"750","USGS","11111500",1977-01-16,2.8,"A",2.8,"A"
"751","USGS","11111500",1977-01-17,3.2,"A",2.8,"A"
"752","USGS","11111500",1977-01-18,5.1,"A",3.1,"A"
"753","USGS","11111500",1977-01-19,5.5,"A",3.4,"A"
"754","USGS","11111500",1977-01-20,5.9,"A",3.7,"A"
"755","USGS","11111500",1977-01-21,7.1,"A",4.4,"A"
"756","USGS","11111500",1977-01-22,7.5,"A",4.4,"A"
"757","USGS","11111500",1977-01-23,6.3,"A",4,"A"
"758","USGS","11111500",1977-01-24,5.5,"A",3.7,"A"
"759","USGS","11111500",1977-01-25,5.4,"A",3.4,"A"
"760","USGS","11111500",1977-01-26,5.5,"A",3.2,"A"
"761","USGS","11111500",1977-01-27,6.1,"A",3.1,"A"
"762","USGS","11111500",1977-01-28,7,"A",3.3,"A"
"763","USGS","11111500",1977-01-29,6,"A",3.1,"A"
"764","USGS","11111500",1977-01-30,5,"A",2.9,"A"
"765","USGS","11111500",1977-01-31,5,"A",2.8,"A"
"766","USGS","11111500",1977-02-01,5.5,"A",2.8,"A"
"767","USGS","11111500",1977-02-02,4.6,"A",2.7,"A"
"768","USGS","11111500",1977-02-03,4.8,"A",2.5,"A"
"769","USGS","11111500",1977-02-04,4.7,"A",2.5,"A"
"770","USGS","11111500",1977-02-05,5.2,"A",2.5,"A"
"771","USGS","11111500",1977-02-06,7,"A",2.5,"A"
"772","USGS","11111500",1977-02-07,6.5,"A",2.5,"A"
"773","USGS","11111500",1977-02-08,6.4,"A",2.5,"A"
"774","USGS","11111500",1977-02-09,6.8,"A",2.4,"A"
"775","USGS","11111500",1977-02-10,6.6,"A",2.4,"A"
"776","USGS","11111500",1977-02-11,6.9,"A",2.3,"A"
"777","USGS","11111500",1977-02-12,7,"A",2.3,"A"
"778","USGS","11111500",1977-02-13,7.4,"A",2.2,"A"
"779","USGS","11111500",1977-02-14,7.8,"A",2.2,"A"
"780","USGS","11111500",1977-02-15,7.9,"A",2.1,"A"
"781","USGS","11111500",1977-02-16,8,"A",2,"A"
"782","USGS","11111500",1977-02-17,8.2,"A",2,"A"
"783","USGS","11111500",1977-02-18,7.9,"A",2,"A"
"784","USGS","11111500",1977-02-19,8,"A",2,"A"
"785","USGS","11111500",1977-02-20,7.9,"A",1.9,"A"
"786","USGS","11111500",1977-02-21,9.8,"A",1.8,"A"
"787","USGS","11111500",1977-02-22,9.1,"A",1.8,"A"
"788","USGS","11111500",1977-02-23,7.7,"A",2,"A"
"789","USGS","11111500",1977-02-24,6,"A",1.8,"A"
"790","USGS","11111500",1977-02-25,4.9,"A",1.9,"A"
"791","USGS","11111500",1977-02-26,6,"A",1.8,"A"
"792","USGS","11111500",1977-02-27,7,"A",1.8,"A"
"793","USGS","11111500",1977-02-28,6.9,"A",1.7,"A"
"794","USGS","11111500",1977-03-01,5.7,"A",1.7,"A"
"795","USGS","11111500",1977-03-02,4.4,"A",1.7,"A"
"796","USGS","11111500",1977-03-03,5.1,"A",1.7,"A"
"797","USGS","11111500",1977-03-04,6.6,"A",1.7,"A"
"798","USGS","11111500",1977-03-05,6.4,"A",1.6,"A"
"799","USGS","11111500",1977-03-06,7,"A",1.6,"A"
"800","USGS","11111500",1977-03-07,7.4,"A",1.6,"A"
"801","USGS","11111500",1977-03-08,7.6,"A",1.5,"A"
"802","USGS","11111500",1977-03-09,8.3,"A",1.4,"A"
"803","USGS","11111500",1977-03-10,6.1,"A",1.5,"A"
"804","USGS","11111500",1977-03-11,6.6,"A",1.6,"A"
"805","USGS","11111500",1977-03-12,7.5,"A",1.6,"A"
"806","USGS","11111500",1977-03-13,7.1,"A",1.6,"A"
"807","USGS","11111500",1977-03-14,6.9,"A",1.6,"A"
"808","USGS","11111500",1977-03-15,5.9,"A",1.6,"A"
"809","USGS","11111500",1977-03-16,3.9,"A",3.9,"A"
"810","USGS","11111500",1977-03-17,6.2,"A",3.6,"A"
"811","USGS","11111500",1977-03-18,7.4,"A",4.3,"A"
"812","USGS","11111500",1977-03-19,7.7,"A",3.9,"A"
"813","USGS","11111500",1977-03-20,9.1,"A",3.2,"A"
"814","USGS","11111500",1977-03-21,9.8,"A",2.7,"A"
"815","USGS","11111500",1977-03-22,10.5,"A",2.4,"A"
"816","USGS","11111500",1977-03-23,9.6,"A",2,"A"
"817","USGS","11111500",1977-03-24,8,"A",2.3,"A"
"818","USGS","11111500",1977-03-25,6,"A",3.1,"A"
"819","USGS","11111500",1977-03-26,8,"A",3.5,"A"
"820","USGS","11111500",1977-03-27,9.7,"A",2.7,"A"
"821","USGS","11111500",1977-03-28,9.6,"A",2.2,"A"
"822","USGS","11111500",1977-03-29,8,"A",2.2,"A"
"823","USGS","11111500",1977-03-30,7.7,"A",2.2,"A"
"824","USGS","11111500",1977-03-31,7.3,"A",2.1,"A"
"825","USGS","11111500",1977-04-01,9.1,"A",2.1,"A"
"826","USGS","11111500",1977-04-02,9.8,"A",2,"A"
"827","USGS","11111500",1977-04-03,9.8,"A",2,"A"
"828","USGS","11111500",1977-04-04,10.8,"A",1.9,"A"
"829","USGS","11111500",1977-04-05,12.1,"A",1.8,"A"
"830","USGS","11111500",1977-04-06,12.8,"A",1.8,"A"
"831","USGS","11111500",1977-04-07,13.1,"A",2,"A"
"832","USGS","11111500",1977-04-08,12,"A",2,"A"
"833","USGS","11111500",1977-04-09,11.4,"A",2.1,"A"
"834","USGS","11111500",1977-04-10,11.6,"A",2,"A"
"835","USGS","11111500",1977-04-11,12.2,"A",2,"A"
"836","USGS","11111500",1977-04-12,13.5,"A",1.9,"A"
"837","USGS","11111500",1977-04-13,13.4,"A",1.9,"A"
"838","USGS","11111500",1977-04-14,13.6,"A",1.9,"A"
"839","USGS","11111500",1977-04-15,13.3,"A",1.9,"A"
"840","USGS","11111500",1977-04-16,14.4,"A",1.9,"A"
"841","USGS","11111500",1977-04-17,14.8,"A",1.9,"A"
"842","USGS","11111500",1977-04-18,13.5,"A",1.9,"A"
"843","USGS","11111500",1977-04-19,13,"A",1.9,"A"
"844","USGS","11111500",1977-04-20,12.4,"A",1.9,"A"
"845","USGS","11111500",1977-04-21,12.3,"A",1.9,"A"
"846","USGS","11111500",1977-04-22,11.7,"A",1.9,"A"
"847","USGS","11111500",1977-04-23,12.4,"A",1.9,"A"
"848","USGS","11111500",1977-04-24,13.1,"A",1.9,"A"
"849","USGS","11111500",1977-04-25,13.7,"A",1.8,"A"
"850","USGS","11111500",1977-04-26,14.1,"A",1.9,"A"
"851","USGS","11111500",1977-04-27,14.3,"A",1.9,"A"
"852","USGS","11111500",1977-04-28,14.8,"A",1.8,"A"
"853","USGS","11111500",1977-04-29,14.5,"A",1.8,"A"
"854","USGS","11111500",1977-04-30,13.4,"A",1.8,"A"
"855","USGS","11111500",1977-05-01,13.3,"A",2.1,"A"
"856","USGS","11111500",1977-05-02,13.3,"A",2.1,"A"
"857","USGS","11111500",1977-05-03,14.3,"A",1.8,"A"
"858","USGS","11111500",1977-05-04,14.2,"A",1.8,"A"
"859","USGS","11111500",1977-05-05,12.4,"A",1.8,"A"
"860","USGS","11111500",1977-05-06,10.7,"A",2.1,"A"
"861","USGS","11111500",1977-05-07,7.9,"A",3.1,"A"
"862","USGS","11111500",1977-05-08,4.9,"A",37,"A"
"863","USGS","11111500",1977-05-09,5.2,"A",125,"A"
"864","USGS","11111500",1977-05-10,8.9,"A",68,"A"
"865","USGS","11111500",1977-05-11,8.8,"A",56,"A"
"866","USGS","11111500",1977-05-12,8.8,"A",49,"A"
"867","USGS","11111500",1977-05-13,10.8,"A",42,"A"
"868","USGS","11111500",1977-05-14,11.6,"A",41,"A"
"869","USGS","11111500",1977-05-15,12.4,"A",35,"A"
"870","USGS","11111500",1977-05-16,11.5,"A",25,"A"
"871","USGS","11111500",1977-05-17,11.3,"A",19,"A"
"872","USGS","11111500",1977-05-18,12,"A",16,"A"
"873","USGS","11111500",1977-05-19,12.3,"A",13,"A"
"874","USGS","11111500",1977-05-20,13.8,"A",11,"A"
"875","USGS","11111500",1977-05-21,15.2,"A",9.5,"A"
"876","USGS","11111500",1977-05-22,15.1,"A",8.5,"A"
"877","USGS","11111500",1977-05-23,12.2,"A",8.2,"A"
"878","USGS","11111500",1977-05-24,11.6,"A",7.6,"A"
"879","USGS","11111500",1977-05-25,13.4,"A",6.8,"A"
"880","USGS","11111500",1977-05-26,13.6,"A",6.1,"A"
"881","USGS","11111500",1977-05-27,15.2,"A",5.8,"A"
"882","USGS","11111500",1977-05-28,15.3,"A",5,"A"
"883","USGS","11111500",1977-05-29,15.7,"A",4.4,"A"
"884","USGS","11111500",1977-05-30,16.5,"A",3.9,"A"
"885","USGS","11111500",1977-05-31,17.3,"A",3.8,"A"
"886","USGS","11111500",1977-06-01,18,"A",3.6,"A"
"887","USGS","11111500",1977-06-02,18.3,"A",3.5,"A"
"888","USGS","11111500",1977-06-03,17.9,"A",3.1,"A"
"889","USGS","11111500",1977-06-04,18,"A",2.8,"A"
"890","USGS","11111500",1977-06-05,18.3,"A",2.6,"A"
"891","USGS","11111500",1977-06-06,17.2,"A",2.7,"A"
"892","USGS","11111500",1977-06-07,18.8,"A",2.5,"A"
"893","USGS","11111500",1977-06-08,19.3,"A",2.3,"A"
"894","USGS","11111500",1977-06-09,17.9,"A",2.4,"A"
"895","USGS","11111500",1977-06-10,17.4,"A",2.3,"A"
"896","USGS","11111500",1977-06-11,16.5,"A",2.5,"A"
"897","USGS","11111500",1977-06-12,17.4,"A",2.4,"A"
"898","USGS","11111500",1977-06-13,16.3,"A",2.2,"A"
"899","USGS","11111500",1977-06-14,16.3,"A",2.1,"A"
"900","USGS","11111500",1977-06-15,16.9,"A",2.3,"A"
"901","USGS","11111500",1977-06-16,16.9,"A",2,"A"
"902","USGS","11111500",1977-06-17,16.6,"A",1.9,"A"
"903","USGS","11111500",1977-06-18,18,"A",2.1,"A"
"904","USGS","11111500",1977-06-19,18.1,"A",1.8,"A"
"905","USGS","11111500",1977-06-20,18.1,"A",1.8,"A"
"906","USGS","11111500",1977-06-21,19.3,"A",1.6,"A"
"907","USGS","11111500",1977-06-22,20.4,"A",1.6,"A"
"908","USGS","11111500",1977-06-23,20.3,"A",1.4,"A"
"909","USGS","11111500",1977-06-24,19.7,"A",1.3,"A"
"910","USGS","11111500",1977-06-25,19,"A",1.2,"A"
"911","USGS","11111500",1977-06-26,19.6,"A",1.2,"A"
"912","USGS","11111500",1977-06-27,20.5,"A",1.1,"A"
"913","USGS","11111500",1977-06-28,19.9,"A",1.1,"A"
"914","USGS","11111500",1977-06-29,21.4,"A",1.1,"A"
"915","USGS","11111500",1977-06-30,21.8,"A",0.88,"A"
"916","USGS","11111500",1977-07-01,21.5,"A",0.74,"A"
"917","USGS","11111500",1977-07-02,20.5,"A",0.74,"A"
"918","USGS","11111500",1977-07-03,20.2,"A",0.88,"A"
"919","USGS","11111500",1977-07-04,19.7,"A",0.88,"A"
"920","USGS","11111500",1977-07-05,18.8,"A",0.88,"A"
"921","USGS","11111500",1977-07-06,19,"A",0.88,"A"
"922","USGS","11111500",1977-07-07,19,"A",0.74,"A"
"923","USGS","11111500",1977-07-08,19.5,"A",0.74,"A"
"924","USGS","11111500",1977-07-09,20,"A",0.61,"A"
"925","USGS","11111500",1977-07-10,19.3,"A",0.5,"A"
"926","USGS","11111500",1977-07-11,18.1,"A",0.5,"A"
"927","USGS","11111500",1977-07-12,17.5,"A",0.5,"A"
"928","USGS","11111500",1977-07-13,17.7,"A",0.4,"A"
"929","USGS","11111500",1977-07-14,18.5,"A",0.4,"A"
"930","USGS","11111500",1977-07-15,18.6,"A",0.31,"A"
"931","USGS","11111500",1977-07-16,19.9,"A",0.24,"A"
"932","USGS","11111500",1977-07-17,20.4,"A",0.24,"A"
"933","USGS","11111500",1977-07-18,20.6,"A",0.24,"A"
"934","USGS","11111500",1977-07-19,20.3,"A",0.24,"A"
"935","USGS","11111500",1977-07-20,20.6,"A",0.24,"A"
"936","USGS","11111500",1977-07-21,20.8,"A",0.23,"A"
"937","USGS","11111500",1977-07-22,20.6,"A",0.22,"A"
"938","USGS","11111500",1977-07-23,20.2,"A",0.21,"A"
"939","USGS","11111500",1977-07-24,20.1,"A",0.2,"A"
"940","USGS","11111500",1977-07-25,19.8,"A",0.2,"A"
"941","USGS","11111500",1977-07-26,19.9,"A",0.19,"A"
"942","USGS","11111500",1977-07-27,19.6,"A",0.18,"A"
"943","USGS","11111500",1977-07-28,19.5,"A",0.17,"A"
"944","USGS","11111500",1977-07-29,19.3,"A",0.16,"A"
"945","USGS","11111500",1977-07-30,19,"A",0.15,"A"
"946","USGS","11111500",1977-07-31,21.4,"A",0.15,"A"
"947","USGS","11111500",1977-08-01,21.7,"A",0.14,"A"
"948","USGS","11111500",1977-08-02,21.5,"A",0.13,"A"
"949","USGS","11111500",1977-08-03,21,"A",0.13,"A"
"950","USGS","11111500",1977-08-04,21,"A",0.12,"A"
"951","USGS","11111500",1977-08-05,19.9,"A",0.12,"A"
"952","USGS","11111500",1977-08-06,18.4,"A",0.11,"A"
"953","USGS","11111500",1977-08-07,17.9,"A",0.11,"A"
"954","USGS","11111500",1977-08-08,17.9,"A",0.11,"A"
"955","USGS","11111500",1977-08-09,17.4,"A",0.1,"A"
"956","USGS","11111500",1977-08-10,17.6,"A",0.1,"A"
"957","USGS","11111500",1977-08-11,17.8,"A",0.1,"A"
"958","USGS","11111500",1977-08-12,18.6,"A",0.09,"A"
"959","USGS","11111500",1977-08-13,18.3,"A",0.09,"A"
"960","USGS","11111500",1977-08-14,17.5,"A",0.09,"A"
"961","USGS","11111500",1977-08-15,17.9,"A",0.09,"A"
"962","USGS","11111500",1977-08-16,18.9,"A",0.09,"A"
"963","USGS","11111500",1977-08-17,19.7,"A",0.37,"A"
"964","USGS","11111500",1977-08-18,20.1,"A",0.22,"A"
"965","USGS","11111500",1977-08-19,21,"A",0.1,"A"
"966","USGS","11111500",1977-08-20,20.6,"A",0.09,"A"
"967","USGS","11111500",1977-08-21,20,"A",0.08,"A"
"968","USGS","11111500",1977-08-22,18.9,"A",0.08,"A"
"969","USGS","11111500",1977-08-23,19.4,"A",0.08,"A"
"970","USGS","11111500",1977-08-24,19.1,"A",0.08,"A"
"971","USGS","11111500",1977-08-25,20.1,"A",0.08,"A"
"972","USGS","11111500",1977-08-26,19.1,"A",0.08,"A"
"973","USGS","11111500",1977-08-27,18,"A",0.08,"A"
"974","USGS","11111500",1977-08-28,18.2,"A",0.08,"A"
"975","USGS","11111500",1977-08-29,18.9,"A",0.09,"A"
"976","USGS","11111500",1977-08-30,19.4,"A",0.09,"A"
"977","USGS","11111500",1977-08-31,17.9,"A",0.09,"A"
"978","USGS","11111500",1977-09-01,16.8,"A",0.09,"A"
"979","USGS","11111500",1977-09-02,16,"A",0.09,"A"
"980","USGS","11111500",1977-09-03,16.9,"A",0.09,"A"
"981","USGS","11111500",1977-09-04,17.5,"A",0.1,"A"
"982","USGS","11111500",1977-09-05,17.4,"A",0.1,"A"
"983","USGS","11111500",1977-09-06,17.2,"A",0.1,"A"
"984","USGS","11111500",1977-09-07,18.5,"A",0.1,"A"
"985","USGS","11111500",1977-09-08,17.7,"A",0.1,"A"
"986","USGS","11111500",1977-09-09,15.8,"A",0.1,"A"
"987","USGS","11111500",1977-09-10,15.5,"A",0.1,"A"
"988","USGS","11111500",1977-09-11,14.8,"A",0.11,"A"
"989","USGS","11111500",1977-09-12,13.9,"A",0.11,"A"
"990","USGS","11111500",1977-09-13,14.5,"A",0.11,"A"
"991","USGS","11111500",1977-09-14,14.4,"A",0.11,"A"
"992","USGS","11111500",1977-09-15,14.5,"A",0.11,"A"
"993","USGS","11111500",1977-09-16,13.2,"A",0.11,"A"
"994","USGS","11111500",1977-09-17,13.2,"A",0.11,"A"
"995","USGS","11111500",1977-09-18,13.5,"A",0.12,"A"
"996","USGS","11111500",1977-09-19,13.7,"A",0.12,"A"
"997","USGS","11111500",1977-09-20,14.4,"A",0.12,"A"
"998","USGS","11111500",1977-09-21,14.1,"A",0.12,"A"
"999","USGS","11111500",1977-09-22,14.7,"A",0.12,"A"
"1000","USGS","11111500",1977-09-23,14.6,"A",0.12,"A"
"1001","USGS","11111500",1977-09-24,13.8,"A",0.12,"A"
"1002","USGS","11111500",1977-09-25,12.1,"A",0.13,"A"
"1003","USGS","11111500",1977-09-26,14.6,"A",0.13,"A"
"1004","USGS","11111500",1977-09-27,14.6,"A",0.13,"A"
"1005","USGS","11111500",1977-09-28,15.1,"A",0.13,"A"
"1006","USGS","11111500",1977-09-29,15.8,"A",0.13,"A"
"1007","USGS","11111500",1977-09-30,14.9,"A",0.13,"A"
"1008","USGS","11111500",1977-10-01,13.5,"A",0.12,"A"
"1009","USGS","11111500",1977-10-02,12.2,"A",0.12,"A"
"1010","USGS","11111500",1977-10-03,11.9,"A",0.12,"A"
"1011","USGS","11111500",1977-10-04,12.3,"A",0.12,"A"
"1012","USGS","11111500",1977-10-05,13.7,"A",0.13,"A"
"1013","USGS","11111500",1977-10-06,15.5,"A",0.13,"A"
"1014","USGS","11111500",1977-10-07,14.8,"A",0.13,"A"
"1015","USGS","11111500",1977-10-08,13.5,"A",0.13,"A"
"1016","USGS","11111500",1977-10-09,13.6,"A",0.14,"A"
"1017","USGS","11111500",1977-10-10,13.7,"A",0.14,"A"
"1018","USGS","11111500",1977-10-11,13.2,"A",0.14,"A"
"1019","USGS","11111500",1977-10-12,13.1,"A",0.15,"A"
"1020","USGS","11111500",1977-10-13,12.8,"A",0.15,"A"
"1021","USGS","11111500",1977-10-14,13,"A",0.15,"A"
"1022","USGS","11111500",1977-10-15,12.8,"A",0.15,"A"
"1023","USGS","11111500",1977-10-16,12.6,"A",0.15,"A"
"1024","USGS","11111500",1977-10-17,12.3,"A",0.16,"A"
"1025","USGS","11111500",1977-10-18,11.2,"A",0.16,"A"
"1026","USGS","11111500",1977-10-19,11.3,"A",0.16,"A"
"1027","USGS","11111500",1977-10-20,11.6,"A",0.16,"A"
"1028","USGS","11111500",1977-10-21,11.9,"A",0.16,"A"
"1029","USGS","11111500",1977-10-22,11.5,"A",0.17,"A"
"1030","USGS","11111500",1977-10-23,12,"A",0.17,"A"
"1031","USGS","11111500",1977-10-24,11.8,"A",0.17,"A"
"1032","USGS","11111500",1977-10-25,12,"A",0.17,"A"
"1033","USGS","11111500",1977-10-26,12,"A",0.17,"A"
"1034","USGS","11111500",1977-10-27,10.9,"A",0.18,"A"
"1035","USGS","11111500",1977-10-28,8.9,"A",0.19,"A"
"1036","USGS","11111500",1977-10-29,8.8,"A",0.19,"A"
"1037","USGS","11111500",1977-10-30,8.6,"A",0.18,"A"
"1038","USGS","11111500",1977-10-31,9.1,"A",0.19,"A"
"1039","USGS","11111500",1977-11-01,9.8,"A",0.2,"A"
"1040","USGS","11111500",1977-11-02,10.1,"A",0.2,"A"
"1041","USGS","11111500",1977-11-03,9.8,"A",0.22,"A"
"1042","USGS","11111500",1977-11-04,9.4,"A",0.23,"A"
"1043","USGS","11111500",1977-11-05,8,"A",0.24,"A"
"1044","USGS","11111500",1977-11-06,7,"A",0.25,"A"
"1045","USGS","11111500",1977-11-07,7.8,"A",0.32,"A"
"1046","USGS","11111500",1977-11-08,8.1,"A",0.32,"A"
"1047","USGS","11111500",1977-11-09,7.6,"A",0.36,"A"
"1048","USGS","11111500",1977-11-10,7.1,"A",0.36,"A"
"1049","USGS","11111500",1977-11-11,8.2,"A",0.36,"A"
"1050","USGS","11111500",1977-11-12,7.2,"A",0.36,"A"
"1051","USGS","11111500",1977-11-13,6.7,"A",0.36,"A"
"1052","USGS","11111500",1977-11-14,8,"A",0.36,"A"
"1053","USGS","11111500",1977-11-15,8.9,"A",0.41,"A"
"1054","USGS","11111500",1977-11-16,8.8,"A",0.4,"A"
"1055","USGS","11111500",1977-11-17,8.6,"A",0.4,"A"
"1056","USGS","11111500",1977-11-18,8.8,"A",0.4,"A"
"1057","USGS","11111500",1977-11-19,7.7,"A",0.41,"A"
"1058","USGS","11111500",1977-11-20,5,"A",0.44,"A"
"1059","USGS","11111500",1977-11-21,6.7,"A",0.44,"A"
"1060","USGS","11111500",1977-11-22,8.1,"A",0.45,"A"
"1061","USGS","11111500",1977-11-23,8.1,"A",0.47,"A"
"1062","USGS","11111500",1977-11-24,9.1,"A",0.49,"A"
"1063","USGS","11111500",1977-11-25,10.1,"A",0.52,"A"
"1064","USGS","11111500",1977-11-26,9.6,"A",0.52,"A"
"1065","USGS","11111500",1977-11-27,10.7,"A",0.58,"A"
"1066","USGS","11111500",1977-11-28,9.5,"A",0.6,"A"
"1067","USGS","11111500",1977-11-29,9,"A",0.6,"A"
"1068","USGS","11111500",1977-11-30,9.4,"A",0.6,"A"
"1069","USGS","11111500",1977-12-01,9,"A",0.6,"A"
"1070","USGS","11111500",1977-12-02,9.3,"A",0.7,"A"
"1071","USGS","11111500",1977-12-03,8.6,"A",0.7,"A"
"1072","USGS","11111500",1977-12-04,9.5,"A",0.6,"A"
"1073","USGS","11111500",1977-12-05,9.9,"A",0.6,"A"
"1074","USGS","11111500",1977-12-06,7.9,"A",0.6,"A"
"1075","USGS","11111500",1977-12-07,8.2,"A",0.6,"A"
"1076","USGS","11111500",1977-12-08,8.5,"A",0.6,"A"
"1077","USGS","11111500",1977-12-09,8.3,"A",0.6,"A"
"1078","USGS","11111500",1977-12-10,7.6,"A",0.52,"A"
"1079","USGS","11111500",1977-12-11,7.1,"A",0.6,"A"
"1080","USGS","11111500",1977-12-12,7.9,"A",0.6,"A"
"1081","USGS","11111500",1977-12-13,7.7,"A",0.6,"A"
"1082","USGS","11111500",1977-12-14,8.6,"A",0.6,"A"
"1083","USGS","11111500",1977-12-15,9,"A",0.6,"A"
"1084","USGS","11111500",1977-12-16,7.3,"A",0.52,"A"
"1085","USGS","11111500",1977-12-17,9.6,"A",0.6,"A"
"1086","USGS","11111500",1977-12-18,8.5,"A",0.6,"A"
"1087","USGS","11111500",1977-12-19,5.7,"A",0.52,"A"
"1088","USGS","11111500",1977-12-20,5.7,"A",0.52,"A"
"1089","USGS","11111500",1977-12-21,6.3,"A",0.7,"A"
"1090","USGS","11111500",1977-12-22,8.5,"A",0.6,"A"
"1091","USGS","11111500",1977-12-23,9.5,"A",0.44,"A"
"1092","USGS","11111500",1977-12-24,9.5,"A",0.4,"A"
"1093","USGS","11111500",1977-12-25,9.9,"A",0.4,"A"
"1094","USGS","11111500",1977-12-26,9.8,"A",6.2,"A"
"1095","USGS","11111500",1977-12-27,9.8,"A",77,"A"
"1096","USGS","11111500",1977-12-28,9.6,"A",315,"A"
"1097","USGS","11111500",1977-12-29,12.1,"A",60,"A"
"1098","USGS","11111500",1977-12-30,12.6,"A",13,"A"
"1099","USGS","11111500",1977-12-31,11.3,"A",8,"A"
"1100","USGS","11111500",1978-01-01,9.8,"A",4.5,"A"
"1101","USGS","11111500",1978-01-02,9.6,"A",3.7,"A"
"1102","USGS","11111500",1978-01-03,8.7,"A",3.4,"A"
"1103","USGS","11111500",1978-01-04,7.5,"A",18,"A"
"1104","USGS","11111500",1978-01-05,7.9,"A",9.9,"A"
"1105","USGS","11111500",1978-01-06,8.8,"A",10,"A"
"1106","USGS","11111500",1978-01-07,8.1,"A",5.9,"A"
"1107","USGS","11111500",1978-01-08,7.8,"A",4.4,"A"
"1108","USGS","11111500",1978-01-09,7.8,"A",63,"A"
"1109","USGS","11111500",1978-01-10,7.4,"A",94,"A"
"1110","USGS","11111500",1978-01-11,7,"A",36,"A"
"1111","USGS","11111500",1978-01-12,7.3,"A",21,"A"
"1112","USGS","11111500",1978-01-13,8.2,"A",15,"A"
"1113","USGS","11111500",1978-01-14,8,"A",185,"A"
"1114","USGS","11111500",1978-01-15,7.6,"A",286,"A"
"1115","USGS","11111500",1978-01-16,7.1,"A",418,"A"
"1116","USGS","11111500",1978-01-17,7.8,"A",220,"A"
"1117","USGS","11111500",1978-01-18,7.8,"A",142,"A"
"1118","USGS","11111500",1978-01-19,7.9,"A",100,"A"
"1119","USGS","11111500",1978-01-20,8,"A",76,"A"
"1120","USGS","11111500",1978-01-21,7.1,"A",58,"A"
"1121","USGS","11111500",1978-01-22,7.8,"A",46,"A"
"1122","USGS","11111500",1978-01-23,6.6,"A",37,"A"
"1123","USGS","11111500",1978-01-24,5.4,"A",30,"A"
"1124","USGS","11111500",1978-01-25,5.9,"A",24,"A"
"1125","USGS","11111500",1978-01-26,6.9,"A",20,"A"
"1126","USGS","11111500",1978-01-27,7.5,"A",16,"A"
"1127","USGS","11111500",1978-01-28,7.4,"A",15,"A"
"1128","USGS","11111500",1978-01-29,8,"A",14,"A"
"1129","USGS","11111500",1978-01-30,7.9,"A",14,"A"
"1130","USGS","11111500",1978-01-31,7.9,"A",13,"A"
"1131","USGS","11111500",1978-02-01,7.5,"A",13,"A"
"1132","USGS","11111500",1978-02-02,7.5,"A",12,"A"
"1133","USGS","11111500",1978-02-03,7.4,"A",11,"A"
"1134","USGS","11111500",1978-02-04,8.3,"A",11,"A"
"1135","USGS","11111500",1978-02-05,7.8,"A",53,"A"
"1136","USGS","11111500",1978-02-06,8.7,"A",50,"A"
"1137","USGS","11111500",1978-02-07,7.1,"A",63,"A"
"1138","USGS","11111500",1978-02-08,6.1,"A",139,"A"
"1139","USGS","11111500",1978-02-09,7.2,"A",3340,"A"
"1140","USGS","11111500",1978-03-30,10.4,"A",175,"A"
"1141","USGS","11111500",1978-03-31,8.4,"A",575,"A"
"1142","USGS","11111500",1978-04-01,9.4,"A",250,"A"
"1143","USGS","11111500",1978-04-02,10.5,"A",200,"A"
"1144","USGS","11111500",1978-04-03,11.4,"A",165,"A"
"1145","USGS","11111500",1978-04-04,9.5,"A",156,"A"
"1146","USGS","11111500",1978-04-05,10.2,"A",134,"A"
"1147","USGS","11111500",1978-04-06,8.4,"A",133,"A"
"1148","USGS","11111500",1978-04-07,7.6,"A",131,"A"
"1149","USGS","11111500",1978-04-08,8,"A",128,"A"
"1150","USGS","11111500",1978-04-09,10.7,"A",124,"A"
"1151","USGS","11111500",1978-04-10,11.6,"A",116,"A"
"1152","USGS","11111500",1978-04-11,12.1,"A",108,"A"
"1153","USGS","11111500",1978-04-12,12.4,"A",100,"A"
"1154","USGS","11111500",1978-04-13,9.8,"A",93,"A"
"1155","USGS","11111500",1978-04-14,8.4,"A",87,"A"
"1156","USGS","11111500",1978-04-15,7.4,"A",204,"A"
"1157","USGS","11111500",1978-04-16,8.4,"A",163,"A"
"1158","USGS","11111500",1978-04-17,10.1,"A",123,"A"
"1159","USGS","11111500",1978-04-18,11.7,"A",110,"A"
"1160","USGS","11111500",1978-04-19,12.6,"A",104,"A"
"1161","USGS","11111500",1978-04-20,12.4,"A",102,"A"
"1162","USGS","11111500",1978-04-21,11.1,"A",97,"A"
"1163","USGS","11111500",1978-04-22,11.1,"A",91,"A"
"1164","USGS","11111500",1978-04-23,12.3,"A",89,"A"
"1165","USGS","11111500",1978-04-24,12,"A",86,"A"
"1166","USGS","11111500",1978-04-25,11.2,"A",91,"A"
"1167","USGS","11111500",1978-04-26,11.5,"A",86,"A"
"1168","USGS","11111500",1978-04-27,12.3,"A",80,"A"
"1169","USGS","11111500",1978-04-28,13.3,"A",75,"A"
"1170","USGS","11111500",1978-04-29,13.3,"A",70,"A"
"1171","USGS","11111500",1978-04-30,12.7,"A",65,"A"
"1172","USGS","11111500",1978-05-01,12,"A",62,"A"
"1173","USGS","11111500",1978-05-02,13.8,"A",56,"A"
"1174","USGS","11111500",1978-05-03,14.8,"A",52,"A"
"1175","USGS","11111500",1978-05-04,14.3,"A",50,"A"
"1176","USGS","11111500",1978-05-05,11.7,"A",48,"A"
"1177","USGS","11111500",1978-05-06,12.1,"A",46,"A"
"1178","USGS","11111500",1978-05-07,13,"A",44,"A"
"1179","USGS","11111500",1978-05-08,13.8,"A",42,"A"
"1180","USGS","11111500",1978-05-09,13.9,"A",40,"A"
"1181","USGS","11111500",1978-05-10,13.6,"A",38,"A"
"1182","USGS","11111500",1978-05-11,14.7,"A",36,"A"
"1183","USGS","11111500",1978-05-12,15.3,"A",34,"A"
"1184","USGS","11111500",1978-05-13,15.9,"A",33,"A"
"1185","USGS","11111500",1978-05-14,16.1,"A",32,"A"
"1186","USGS","11111500",1978-05-15,15,"A",31,"A"
"1187","USGS","11111500",1978-05-16,13.3,"A",31,"A"
"1188","USGS","11111500",1978-05-17,14,"A",29,"A"
"1189","USGS","11111500",1978-05-18,14.8,"A",28,"A"
"1190","USGS","11111500",1978-05-19,15.3,"A",27,"A"
"1191","USGS","11111500",1978-05-20,15.4,"A",26,"A"
"1192","USGS","11111500",1978-05-21,15.5,"A",25,"A"
"1193","USGS","11111500",1978-05-22,15.7,"A",24,"A"
"1194","USGS","11111500",1978-05-23,14.3,"A",24,"A"
"1195","USGS","11111500",1978-05-24,12.9,"A",23,"A"
"1196","USGS","11111500",1978-05-25,12.8,"A",22,"A"
"1197","USGS","11111500",1978-05-26,13.7,"A",22,"A"
"1198","USGS","11111500",1978-05-27,15.1,"A",20,"A"
"1199","USGS","11111500",1978-05-28,16.2,"A",19,"A"
"1200","USGS","11111500",1978-05-29,17.2,"A",18,"A"
"1201","USGS","11111500",1978-05-30,17.2,"A",18,"A"
"1202","USGS","11111500",1978-05-31,19,"A",17,"A"
"1203","USGS","11111500",1978-06-01,17.3,"A",16,"A"
"1204","USGS","11111500",1978-06-02,17.2,"A",16,"A"
"1205","USGS","11111500",1978-06-03,17.6,"A",16,"A"
"1206","USGS","11111500",1978-06-04,18.1,"A",15,"A"
"1207","USGS","11111500",1978-06-05,18.2,"A",15,"A"
"1208","USGS","11111500",1978-06-06,18.9,"A",14,"A"
"1209","USGS","11111500",1978-06-07,19,"A",14,"A"
"1210","USGS","11111500",1978-06-08,18.6,"A",14,"A"
"1211","USGS","11111500",1978-06-09,18.8,"A",13,"A"
"1212","USGS","11111500",1978-06-10,18,"A",13,"A"
"1213","USGS","11111500",1978-06-11,17.6,"A",13,"A"
"1214","USGS","11111500",1978-06-12,18,"A",13,"A"
"1215","USGS","11111500",1978-06-13,17.9,"A",12,"A"
"1216","USGS","11111500",1978-06-14,17.1,"A",12,"A"
"1217","USGS","11111500",1978-06-15,16.8,"A",12,"A"
"1218","USGS","11111500",1978-06-16,17.1,"A",12,"A"
"1219","USGS","11111500",1978-06-17,16.8,"A",11,"A"
"1220","USGS","11111500",1978-06-18,17.4,"A",10,"A"
"1221","USGS","11111500",1978-06-19,16.9,"A",10,"A"
"1222","USGS","11111500",1978-06-20,17.1,"A",9.4,"A"
"1223","USGS","11111500",1978-06-21,17.8,"A",8.7,"A"
"1224","USGS","11111500",1978-06-22,17.7,"A",8.3,"A"
"1225","USGS","11111500",1978-06-23,16.5,"A",8.2,"A"
"1226","USGS","11111500",1978-06-24,17,"A",7.8,"A"
"1227","USGS","11111500",1978-06-25,16.8,"A",7.4,"A"
"1228","USGS","11111500",1978-06-26,17.1,"A",7.4,"A"
"1229","USGS","11111500",1978-06-27,15.5,"A",7.8,"A"
"1230","USGS","11111500",1978-06-28,17.4,"A",8.1,"A"
"1231","USGS","11111500",1978-06-29,18.2,"A",7.8,"A"
"1232","USGS","11111500",1978-06-30,18.5,"A",7.7,"A"
"1233","USGS","11111500",1978-07-01,18.4,"A",7.7,"A"
"1234","USGS","11111500",1978-07-02,18.2,"A",7.5,"A"
"1235","USGS","11111500",1978-07-03,17.8,"A",7.2,"A"
"1236","USGS","11111500",1978-07-04,17.6,"A",6.8,"A"
"1237","USGS","11111500",1978-07-05,18.3,"A",6.5,"A"
"1238","USGS","11111500",1978-07-06,18.6,"A",6.5,"A"
"1239","USGS","11111500",1978-07-07,18.7,"A",6.4,"A"
"1240","USGS","11111500",1978-07-08,18.4,"A",6.2,"A"
"1241","USGS","11111500",1978-07-09,18.8,"A",5.9,"A"
"1242","USGS","11111500",1978-07-10,18.9,"A",5.9,"A"
"1243","USGS","11111500",1978-07-11,17.9,"A",5.8,"A"
"1244","USGS","11111500",1978-07-12,18.3,"A",6.3,"A"
"1245","USGS","11111500",1978-07-13,19.1,"A",6.3,"A"
"1246","USGS","11111500",1978-07-14,19.5,"A",6.3,"A"
"1247","USGS","11111500",1978-07-15,19.8,"A",6.3,"A"
"1248","USGS","11111500",1978-07-16,19.7,"A",6.4,"A"
"1249","USGS","11111500",1978-07-17,19.2,"A",6.1,"A"
"1250","USGS","11111500",1978-07-18,18.4,"A",6.4,"A"
"1251","USGS","11111500",1978-07-19,17.6,"A",5.6,"A"
"1252","USGS","11111500",1978-07-20,19.1,"A",5.7,"A"
"1253","USGS","11111500",1978-07-21,19,"A",6,"A"
"1254","USGS","11111500",1978-07-22,18.7,"A",6,"A"
"1255","USGS","11111500",1978-07-23,19.3,"A",5.1,"A"
"1256","USGS","11111500",1978-07-24,19.7,"A",5.1,"A"
"1257","USGS","11111500",1978-07-25,20.2,"A",5,"A"
"1258","USGS","11111500",1978-07-26,20.3,"A",5,"A"
"1259","USGS","11111500",1978-07-27,20.6,"A",5,"A"
"1260","USGS","11111500",1978-07-28,19.9,"A",4.8,"A"
"1261","USGS","11111500",1978-07-29,19.3,"A",4.8,"A"
"1262","USGS","11111500",1978-07-30,19.4,"A",5.1,"A"
"1263","USGS","11111500",1978-07-31,18.7,"A",5.2,"A"
"1264","USGS","11111500",1978-08-01,20,"A",4.1,"A"
"1265","USGS","11111500",1978-08-02,20.1,"A",3.8,"A"
"1266","USGS","11111500",1978-08-03,20.3,"A",3.7,"A"
"1267","USGS","11111500",1978-08-04,21.2,"A",3.5,"A"
"1268","USGS","11111500",1978-08-05,21.6,"A",3.3,"A"
"1269","USGS","11111500",1978-08-06,21.7,"A",3.2,"A"
"1270","USGS","11111500",1978-08-07,21.4,"A",3.1,"A"
"1271","USGS","11111500",1978-08-08,21.5,"A",3.1,"A"
"1272","USGS","11111500",1978-08-09,21.7,"A",3.8,"A"
"1273","USGS","11111500",1978-08-10,22.1,"A",3.4,"A"
"1274","USGS","11111500",1978-08-11,21.6,"A",3.5,"A"
"1275","USGS","11111500",1978-08-12,20.4,"A",3.3,"A"
"1276","USGS","11111500",1978-08-13,19.6,"A",3.1,"A"
"1277","USGS","11111500",1978-08-14,19.7,"A",3,"A"
"1278","USGS","11111500",1978-08-15,18.6,"A",3,"A"
"1279","USGS","11111500",1978-08-16,18.8,"A",2.9,"A"
"1280","USGS","11111500",1978-08-17,18.6,"A",2.7,"A"
"1281","USGS","11111500",1978-08-18,18,"A",2.6,"A"
"1282","USGS","11111500",1978-08-19,18.5,"A",2.6,"A"
"1283","USGS","11111500",1978-08-20,18.2,"A",2.6,"A"
"1284","USGS","11111500",1978-08-21,17.4,"A",2.5,"A"
"1285","USGS","11111500",1978-08-22,18.1,"A",2.5,"A"
"1286","USGS","11111500",1978-08-23,17.6,"A",2.6,"A"
"1287","USGS","11111500",1978-08-24,17.5,"A",2.6,"A"
"1288","USGS","11111500",1978-08-25,17.2,"A",2.5,"A"
"1289","USGS","11111500",1978-08-26,16.4,"A",2.3,"A"
"1290","USGS","11111500",1978-08-27,16.7,"A",2.2,"A"
"1291","USGS","11111500",1978-08-28,17.1,"A",2.1,"A"
"1292","USGS","11111500",1978-08-29,17.7,"A",1.9,"A"
"1293","USGS","11111500",1978-08-30,17.5,"A",1.8,"A"
"1294","USGS","11111500",1978-08-31,17.5,"A",1.8,"A"
"1295","USGS","11111500",1978-09-01,16.2,"A",1.8,"A"
"1296","USGS","11111500",1978-09-02,16.8,"A",1.8,"A"
"1297","USGS","11111500",1978-09-03,17.7,"A",1.8,"A"
"1298","USGS","11111500",1978-09-04,16.5,"A",2.5,"A"
"1299","USGS","11111500",1978-09-05,16.3,"A",12,"A"
"1300","USGS","11111500",1978-09-06,17.5,"A",9,"A"
"1301","USGS","11111500",1978-09-07,15.1,"A",6.8,"A"
"1302","USGS","11111500",1978-09-08,14.9,"A",5.1,"A"
"1303","USGS","11111500",1978-09-09,15.2,"A",4.6,"A"
"1304","USGS","11111500",1978-09-10,15.5,"A",4.4,"A"
"1305","USGS","11111500",1978-09-11,14.9,"A",4.2,"A"
"1306","USGS","11111500",1978-09-12,15,"A",4,"A"
"1307","USGS","11111500",1978-09-13,15.9,"A",3.9,"A"
"1308","USGS","11111500",1978-09-14,15.7,"A",3.8,"A"
"1309","USGS","11111500",1978-09-15,15.1,"A",3.7,"A"
"1310","USGS","11111500",1978-09-16,15.4,"A",3.6,"A"
"1311","USGS","11111500",1978-09-17,15.1,"A",3.5,"A"
"1312","USGS","11111500",1978-09-18,12.2,"A",3.5,"A"
"1313","USGS","11111500",1978-09-19,12.1,"A",3.4,"A"
"1314","USGS","11111500",1978-09-20,12.4,"A",3.4,"A"
"1315","USGS","11111500",1978-09-21,12,"A",3.4,"A"
"1316","USGS","11111500",1978-09-22,13,"A",3.4,"A"
"1317","USGS","11111500",1978-09-23,13.4,"A",3.4,"A"
"1318","USGS","11111500",1978-09-24,14.7,"A",3.4,"A"
"1319","USGS","11111500",1978-09-25,15.4,"A",3.4,"A"
"1320","USGS","11111500",1978-09-26,15.4,"A",3.4,"A"
"1321","USGS","11111500",1978-09-27,16,"A",3.1,"A"
"1322","USGS","11111500",1978-09-28,15.6,"A",3.1,"A"
"1323","USGS","11111500",1978-09-29,15.8,"A",3.1,"A"
