"","id","date","tmax","tmin"
"1","USC00281608",1973-09-01,27.8,22.8
"2","USC00281608",1973-09-02,33.9,21.1
"3","USC00281608",1973-09-03,35,22.2
"4","USC00281608",1973-09-04,33.3,17.8
"5","USC00281608",1973-09-05,30.6,21.1
"6","USC00281608",1973-09-06,30.6,17.8
"7","USC00281608",1973-09-07,28.3,15
"8","USC00281608",1973-09-08,26.7,14.4
"9","USC00281608",1973-09-09,28.3,10
"10","USC00281608",1973-09-10,25.6,7.8
"11","USC00281608",1973-09-11,27.8,11.1
"12","USC00281608",1973-09-12,26.1,10.6
"13","USC00281608",1973-09-13,23.9,10
"14","USC00281608",1973-09-14,25.6,9.4
"15","USC00281608",1973-09-15,26.1,10
"16","USC00281608",1973-09-16,25,11.7
"17","USC00281608",1973-09-17,25.6,9.4
"18","USC00281608",1973-09-18,19.4,12.8
"19","USC00281608",1973-09-19,22.8,6.7
"20","USC00281608",1973-09-20,22.2,5.6
"21","USC00281608",1973-09-21,22.8,5.6
"22","USC00281608",1973-09-22,22.2,9.4
"23","USC00281608",1973-09-23,26.7,15
"24","USC00281608",1973-09-24,25.6,10
"25","USC00281608",1973-09-25,23.9,13.9
"26","USC00281608",1973-09-26,22.8,7.2
"27","USC00281608",1973-09-27,22.2,8.9
"28","USC00281608",1973-09-28,23.9,13.3
"29","USC00281608",1973-09-29,28.9,18.9
"30","USC00281608",1973-09-30,22.8,13.3
"31","USC00281608",1973-10-01,21.7,3.9
"32","USC00281608",1973-10-02,25,8.9
"33","USC00281608",1973-10-03,22.2,15.6
"34","USC00281608",1973-10-04,24.4,12.2
"35","USC00281608",1973-10-05,25,15.6
"36","USC00281608",1973-10-06,22.2,NA
"37","USC00281608",1973-10-07,21.7,NA
"38","USC00281608",1973-10-08,25,NA
"39","USC00281608",1973-10-09,25,4.4
"40","USC00281608",1973-10-10,23.9,13.9
"41","USC00281608",1973-10-11,24.4,5
"42","USC00281608",1973-10-12,24.4,5
"43","USC00281608",1973-10-13,23.9,8.9
"44","USC00281608",1973-10-14,25,8.9
"45","USC00281608",1973-10-15,23.9,7.8
"46","USC00281608",1973-10-16,25,7.8
"47","USC00281608",1973-10-17,20,6.7
"48","USC00281608",1973-10-18,16.7,3.3
"49","USC00281608",1973-10-19,16.7,2.8
"50","USC00281608",1973-10-20,17.8,6.1
"51","USC00281608",1973-10-21,22.2,6.1
"52","USC00281608",1973-10-22,23.9,7.2
"53","USC00281608",1973-10-23,21.7,1.7
"54","USC00281608",1973-10-24,21.1,3.3
"55","USC00281608",1973-10-25,24.4,5
"56","USC00281608",1973-10-26,20.6,10.6
"57","USC00281608",1973-10-27,24.4,7.2
"58","USC00281608",1973-10-28,21.1,4.4
"59","USC00281608",1973-10-29,16.1,5
"60","USC00281608",1973-10-30,18.3,5
"61","USC00281608",1973-10-31,13.9,3.9
"62","USC00281608",1973-11-01,17.2,5.6
"63","USC00281608",1973-11-02,17.2,11.1
"64","USC00281608",1973-11-03,23.3,11.7
"65","USC00281608",1973-11-04,15,5.6
"66","USC00281608",1973-11-05,11.1,2.2
"67","USC00281608",1973-11-06,8.3,1.1
"68","USC00281608",1973-11-07,6.7,0.6
"69","USC00281608",1973-11-08,13.3,-2.8
"70","USC00281608",1973-11-09,12.8,5.6
"71","USC00281608",1973-11-10,8.9,-1.7
"72","USC00281608",1973-11-11,7.8,-1.1
"73","USC00281608",1973-11-12,7.2,-3.3
"74","USC00281608",1973-11-13,13.9,2.2
"75","USC00281608",1973-11-14,18.3,6.7
"76","USC00281608",1973-11-15,25.6,5.6
"77","USC00281608",1973-11-16,23.9,8.3
"78","USC00281608",1973-11-17,8.3,1.7
"79","USC00281608",1973-11-18,7.8,-1.1
"80","USC00281608",1973-11-19,17.2,2.2
"81","USC00281608",1973-11-20,14.4,-1.1
"82","USC00281608",1973-11-21,11.7,-1.1
"83","USC00281608",1973-11-22,14.4,5
"84","USC00281608",1973-11-23,20,1.1
"85","USC00281608",1973-11-24,17.8,5.6
"86","USC00281608",1973-11-25,18.3,7.2
"87","USC00281608",1973-11-26,18.9,7.2
"88","USC00281608",1973-11-27,12.2,7.2
"89","USC00281608",1973-11-28,20,11.1
"90","USC00281608",1973-11-29,21.1,6.7
"91","USC00281608",1973-11-30,10.6,0.6
"92","USC00281608",1973-12-01,13.9,4.4
"93","USC00281608",1973-12-02,8.9,-0.6
"94","USC00281608",1973-12-03,7.8,-5
"95","USC00281608",1973-12-04,13.9,-0.6
"96","USC00281608",1973-12-05,18.9,3.9
"97","USC00281608",1973-12-06,18.3,7.2
"98","USC00281608",1973-12-07,13.9,1.7
"99","USC00281608",1973-12-08,6.7,1.1
"100","USC00281608",1973-12-09,NA,NA
"101","USC00281608",1973-12-10,12.2,0.6
"102","USC00281608",1973-12-11,10,0.6
"103","USC00281608",1973-12-12,6.1,0.6
"104","USC00281608",1973-12-13,5.6,0
"105","USC00281608",1973-12-14,10.6,-5.6
"106","USC00281608",1973-12-15,7.8,0
"107","USC00281608",1973-12-16,4.4,-2.8
"108","USC00281608",1973-12-17,0,-2.8
"109","USC00281608",1973-12-18,0,-7.8
"110","USC00281608",1973-12-19,-2.2,-10
"111","USC00281608",1973-12-20,1.1,-5
"112","USC00281608",1973-12-21,14.4,0
"113","USC00281608",1973-12-22,NA,-6.7
"114","USC00281608",1973-12-23,-0.6,-6.1
"115","USC00281608",1973-12-24,NA,NA
"116","USC00281608",1973-12-25,NA,NA
"117","USC00281608",1973-12-26,5.6,0
"118","USC00281608",1973-12-27,20,0
"119","USC00281608",1973-12-28,16.7,6.1
"120","USC00281608",1973-12-29,11.7,-1.7
"121","USC00281608",1973-12-30,7.8,-2.8
"122","USC00281608",1973-12-31,5.6,-1.1
"123","USC00281608",1974-01-01,NA,NA
"124","USC00281608",1974-01-02,7.2,-3.3
"125","USC00281608",1974-01-03,7.2,-3.3
"126","USC00281608",1974-01-04,7.2,-3.3
"127","USC00281608",1974-01-05,1.7,-3.9
"128","USC00281608",1974-01-06,1.1,-5
"129","USC00281608",1974-01-07,1.7,-3.3
"130","USC00281608",1974-01-08,5,-5.6
"131","USC00281608",1974-01-09,0.6,-6.1
"132","USC00281608",1974-01-10,0.6,-6.1
"133","USC00281608",1974-01-11,1.1,-1.7
"134","USC00281608",1974-01-12,3.3,-3.3
"135","USC00281608",1974-01-13,0,-4.4
"136","USC00281608",1974-01-14,NA,-10.6
"137","USC00281608",1974-01-15,2.2,-10.6
"138","USC00281608",1974-01-16,8.3,-1.1
"139","USC00281608",1974-01-17,11.7,1.7
"140","USC00281608",1974-01-18,5.6,-10
"141","USC00281608",1974-01-19,3.9,-9.4
"142","USC00281608",1974-01-20,4.4,-1.1
"143","USC00281608",1974-01-21,5.6,-1.1
"144","USC00281608",1974-01-22,16.1,-0.6
"145","USC00281608",1974-01-23,13.9,-0.6
"146","USC00281608",1974-01-24,18.3,2.8
"147","USC00281608",1974-01-25,6.1,1.7
"148","USC00281608",1974-01-26,12.2,1.1
"149","USC00281608",1974-01-27,12.8,1.1
"150","USC00281608",1974-01-28,20.6,-1.1
"151","USC00281608",1974-01-29,15.6,5
"152","USC00281608",1974-01-30,12.8,2.2
"153","USC00281608",1974-01-31,15,-1.7
"154","USC00281608",1974-02-01,16.7,0
"155","USC00281608",1974-02-02,8.9,3.3
"156","USC00281608",1974-02-03,8.9,-1.1
"157","USC00281608",1974-02-04,3.9,-6.1
"158","USC00281608",1974-02-05,-2.2,-11.1
"159","USC00281608",1974-02-06,-1.7,-11.1
"160","USC00281608",1974-02-07,1.1,-7.8
"161","USC00281608",1974-02-08,5,-5.6
"162","USC00281608",1974-02-09,-3.9,-7.8
"163","USC00281608",1974-02-10,-4.4,-13.3
"164","USC00281608",1974-02-11,0.6,-14.4
"165","USC00281608",1974-02-12,0.6,-6.1
"166","USC00281608",1974-02-13,7.2,-5.6
"167","USC00281608",1974-02-14,15.6,-2.2
"168","USC00281608",1974-02-15,NA,NA
"169","USC00281608",1974-02-16,7.2,-8.9
"170","USC00281608",1974-02-17,5,-7.8
"171","USC00281608",1974-02-18,NA,NA
"172","USC00281608",1974-02-19,7.2,-2.8
"173","USC00281608",1974-02-20,NA,NA
"174","USC00281608",1974-02-21,NA,NA
"175","USC00281608",1974-02-22,16.7,NA
"176","USC00281608",1974-02-23,20,2.2
"177","USC00281608",1974-02-24,8.9,-1.1
"178","USC00281608",1974-02-25,5.6,-2.8
"179","USC00281608",1974-02-26,-2.2,-6.7
"180","USC00281608",1974-02-27,3.3,-10.6
"181","USC00281608",1974-02-28,6.1,-5
"182","USC00281608",1974-03-01,13.3,3.3
"183","USC00281608",1974-03-02,6.1,0
"184","USC00281608",1974-03-03,5.6,-1.7
"185","USC00281608",1974-03-04,18.9,4.4
"186","USC00281608",1974-03-05,24.4,10
"187","USC00281608",1974-03-06,18.9,2.2
"188","USC00281608",1974-03-07,16.7,5.6
"189","USC00281608",1974-03-08,22.8,6.7
"190","USC00281608",1974-03-09,11.7,NA
"191","USC00281608",1974-03-10,10,5.6
"192","USC00281608",1974-03-11,11.7,-0.6
"193","USC00281608",1974-03-12,10,1.7
"194","USC00281608",1974-03-13,8.3,-5
"195","USC00281608",1974-03-14,4.4,-2.8
"196","USC00281608",1974-03-15,10.6,-5
"197","USC00281608",1974-03-16,12.8,-1.1
"198","USC00281608",1974-03-17,15.6,1.7
"199","USC00281608",1974-03-18,NA,NA
"200","USC00281608",1974-03-19,11.7,-0.6
"201","USC00281608",1974-03-20,17.2,2.2
"202","USC00281608",1974-03-21,NA,NA
"203","USC00281608",1974-03-22,13.9,0
"204","USC00281608",1974-03-23,10.6,2.2
"205","USC00281608",1974-03-24,15,1.1
"206","USC00281608",1974-03-25,17.2,-4.4
"207","USC00281608",1974-03-26,3.3,-6.1
"208","USC00281608",1974-03-27,12.2,-1.1
"209","USC00281608",1974-03-28,10.6,2.2
"210","USC00281608",1974-03-29,11.1,0
"211","USC00281608",1974-03-30,7.2,1.1
"212","USC00281608",1974-03-31,NA,NA
"213","USC00281608",1974-04-01,8.9,-1.1
"214","USC00281608",1974-04-02,NA,NA
"215","USC00281608",1974-04-03,18.3,2.2
"216","USC00281608",1974-04-04,NA,NA
"217","USC00281608",1974-04-05,NA,NA
"218","USC00281608",1974-04-06,22.2,5.6
"219","USC00281608",1974-04-07,13.3,3.9
"220","USC00281608",1974-04-08,16.1,5.6
"221","USC00281608",1974-04-09,11.7,4.4
"222","USC00281608",1974-04-10,NA,NA
"223","USC00281608",1974-04-11,NA,NA
"224","USC00281608",1974-04-12,NA,NA
"225","USC00281608",1974-04-13,18.3,4.4
"226","USC00281608",1974-04-14,22.2,10
"227","USC00281608",1974-04-15,25,8.9
"228","USC00281608",1974-04-16,17.2,7.2
"229","USC00281608",1974-04-17,NA,NA
"230","USC00281608",1974-04-18,NA,NA
"231","USC00281608",1974-04-19,NA,NA
"232","USC00281608",1974-04-20,NA,NA
"233","USC00281608",1974-04-21,18.9,4.4
"234","USC00281608",1974-04-22,25,12.8
"235","USC00281608",1974-04-23,26.7,13.9
"236","USC00281608",1974-04-24,21.1,6.7
"237","USC00281608",1974-04-25,13.9,4.4
"238","USC00281608",1974-04-26,20,3.9
"239","USC00281608",1974-04-27,22.2,5.6
"240","USC00281608",1974-04-28,22.8,5.6
"241","USC00281608",1974-04-29,NA,NA
"242","USC00281608",1974-04-30,32.2,16.7
"243","USC00281608",1974-05-01,31.1,17.8
"244","USC00281608",1974-05-02,23.9,3.9
"245","USC00281608",1974-05-03,NA,NA
"246","USC00281608",1974-05-04,NA,NA
"247","USC00281608",1974-05-05,18.3,0
"248","USC00281608",1974-05-06,17.2,7.8
"249","USC00281608",1974-05-07,17.8,5
"250","USC00281608",1974-05-08,17.8,0.6
"251","USC00281608",1974-05-09,19.4,7.2
"252","USC00281608",1974-05-10,23.9,13.3
"253","USC00281608",1974-05-11,22.8,11.1
"254","USC00281608",1974-05-12,22.2,11.1
"255","USC00281608",1974-05-13,26.1,11.1
"256","USC00281608",1974-05-14,NA,5.6
"257","USC00281608",1974-05-15,26.7,NA
"258","USC00281608",1974-05-16,28.9,13.9
"259","USC00281608",1974-05-17,31.1,17.2
"260","USC00281608",1974-05-18,31.7,10
"261","USC00281608",1974-05-19,23.3,NA
"262","USC00281608",1974-05-20,NA,NA
"263","USC00281608",1974-05-21,NA,6.7
"264","USC00281608",1974-05-22,28.3,11.1
"265","USC00281608",1974-05-23,30.6,20.6
"266","USC00281608",1974-05-24,25.6,13.3
"267","USC00281608",1974-05-25,27.8,NA
"268","USC00281608",1974-05-26,NA,NA
"269","USC00281608",1974-05-27,NA,NA
"270","USC00281608",1974-05-28,NA,6.7
"271","USC00281608",1974-05-29,22.2,12.8
"272","USC00281608",1974-05-30,22.2,16.7
"273","USC00281608",1974-05-31,NA,NA
"274","USC00281608",1974-08-01,NA,NA
"275","USC00281608",1974-08-02,NA,NA
"276","USC00281608",1974-08-03,NA,NA
"277","USC00281608",1974-08-04,NA,NA
"278","USC00281608",1974-08-05,NA,NA
"279","USC00281608",1974-08-06,29.4,14.4
"280","USC00281608",1974-08-07,28.3,16.7
"281","USC00281608",1974-08-08,25.6,15.6
"282","USC00281608",1974-08-09,28.9,16.7
"283","USC00281608",1974-08-10,NA,NA
"284","USC00281608",1974-08-11,NA,NA
"285","USC00281608",1974-08-12,27.2,9.4
"286","USC00281608",1974-08-13,29.4,13.9
"287","USC00281608",1974-08-14,28.9,18.3
"288","USC00281608",1974-08-15,NA,NA
"289","USC00281608",1974-08-16,NA,NA
"290","USC00281608",1974-08-17,NA,NA
"291","USC00281608",1974-08-18,NA,NA
"292","USC00281608",1974-08-19,NA,NA
"293","USC00281608",1974-08-20,NA,NA
"294","USC00281608",1974-08-21,31.7,15.6
"295","USC00281608",1974-08-22,29.4,18.9
"296","USC00281608",1974-08-23,26.7,20
"297","USC00281608",1974-08-24,30,20
"298","USC00281608",1974-08-25,31.7,16.1
"299","USC00281608",1974-08-26,28.9,17.8
"300","USC00281608",1974-08-27,28.9,20
"301","USC00281608",1974-08-28,30.6,21.7
"302","USC00281608",1974-08-29,32.2,20
"303","USC00281608",1974-08-30,NA,NA
"304","USC00281608",1974-08-31,NA,NA
"305","USC00281608",1974-09-01,NA,NA
"306","USC00281608",1974-09-02,NA,NA
"307","USC00281608",1974-09-03,NA,NA
"308","USC00281608",1974-09-04,NA,NA
"309","USC00281608",1974-09-05,19.4,11.1
"310","USC00281608",1974-09-06,22.8,15
"311","USC00281608",1974-09-07,NA,NA
"312","USC00281608",1974-09-08,NA,NA
"313","USC00281608",1974-09-09,NA,NA
"314","USC00281608",1974-09-10,26.7,14.4
"315","USC00281608",1974-09-11,28.3,17.2
"316","USC00281608",1974-09-12,28.3,18.3
"317","USC00281608",1974-09-13,30,18.3
"318","USC00281608",1974-09-14,NA,NA
"319","USC00281608",1974-09-15,NA,NA
"320","USC00281608",1974-09-16,NA,NA
"321","USC00281608",1974-09-17,25,13.3
"322","USC00281608",1974-09-18,25.6,13.3
"323","USC00281608",1974-09-19,26.7,12.2
"324","USC00281608",1974-09-20,27.8,11.1
"325","USC00281608",1974-09-21,NA,NA
"326","USC00281608",1974-09-22,28.3,NA
"327","USC00281608",1974-09-23,NA,5
"328","USC00281608",1974-09-24,16.7,1.1
"329","USC00281608",1974-09-25,16.7,3.9
"330","USC00281608",1974-09-26,21.1,8.3
"331","USC00281608",1974-09-27,23.9,8.3
"332","USC00281608",1974-09-28,NA,NA
"333","USC00281608",1974-09-29,NA,NA
"334","USC00281608",1974-09-30,NA,NA
"335","USC00281608",1974-10-01,27.8,5
"336","USC00281608",1974-10-02,18.3,3.3
"337","USC00281608",1974-10-03,15,0.6
"338","USC00281608",1974-10-04,11.7,-3.3
"339","USC00281608",1974-10-05,22.8,5
"340","USC00281608",1974-10-06,25.6,10
"341","USC00281608",1974-10-07,27.2,1.7
"342","USC00281608",1974-10-08,25,3.9
"343","USC00281608",1974-10-09,16.7,2.8
"344","USC00281608",1974-10-10,18.9,3.9
"345","USC00281608",1974-10-11,23.3,3.9
"346","USC00281608",1974-10-12,17.2,9.4
"347","USC00281608",1974-10-13,14.4,11.1
"348","USC00281608",1974-10-14,21.7,10.6
"349","USC00281608",1974-10-15,23.3,5.6
"350","USC00281608",1974-10-16,25.6,8.3
"351","USC00281608",1974-10-17,13.3,5
"352","USC00281608",1974-10-18,18.9,5.6
"353","USC00281608",1974-10-19,9.4,-2.2
"354","USC00281608",1974-10-20,8.9,-1.7
"355","USC00281608",1974-10-21,9.4,-1.7
"356","USC00281608",1974-10-22,10,-3.9
"357","USC00281608",1974-10-23,17.8,0
"358","USC00281608",1974-10-24,15.6,3.3
"359","USC00281608",1974-10-25,17.8,7.2
"360","USC00281608",1974-10-26,13.9,5.6
"361","USC00281608",1974-10-27,15,10.6
"362","USC00281608",1974-10-28,17.8,4.4
"363","USC00281608",1974-10-29,21.1,9.4
"364","USC00281608",1974-10-30,23.3,10.6
"365","USC00281608",1974-10-31,22.2,11.7
"366","USC00281608",1974-11-01,23.9,11.7
"367","USC00281608",1974-11-02,NA,15.6
"368","USC00281608",1974-11-03,19.4,11.7
"369","USC00281608",1974-11-04,21.1,10.6
"370","USC00281608",1974-11-05,20,16.1
"371","USC00281608",1974-11-06,NA,NA
"372","USC00281608",1974-11-07,17.2,6.1
"373","USC00281608",1974-11-08,13.9,5
"374","USC00281608",1974-11-09,11.7,8.9
"375","USC00281608",1974-11-10,10.6,5.6
"376","USC00281608",1974-11-11,13.9,0
"377","USC00281608",1974-11-12,16.1,7.8
"378","USC00281608",1974-11-13,10.6,4.4
"379","USC00281608",1974-11-14,15,5.6
"380","USC00281608",1974-11-15,17.8,1.7
"381","USC00281608",1974-11-16,7.8,-1.7
"382","USC00281608",1974-11-17,13.9,2.2
"383","USC00281608",1974-11-18,13.3,0
"384","USC00281608",1974-11-19,13.3,0
"385","USC00281608",1974-11-20,15,3.3
"386","USC00281608",1974-11-21,8.3,1.7
"387","USC00281608",1974-11-22,NA,NA
"388","USC00281608",1974-11-23,6.1,-6.1
"389","USC00281608",1974-11-24,16.7,2.8
"390","USC00281608",1974-11-25,7.8,-1.1
"391","USC00281608",1974-11-26,2.2,-3.9
"392","USC00281608",1974-11-27,3.9,-7.8
"393","USC00281608",1974-11-28,7.2,-2.8
"394","USC00281608",1974-11-29,7.8,-1.7
"395","USC00281608",1974-11-30,4.4,-5.6
"396","USC00281608",1974-12-01,7.2,1.1
"397","USC00281608",1974-12-02,7.2,2.2
"398","USC00281608",1974-12-03,7.2,1.1
"399","USC00281608",1974-12-04,9.4,-1.7
"400","USC00281608",1974-12-05,3.9,-5
"401","USC00281608",1974-12-06,2.8,-6.1
"402","USC00281608",1974-12-07,13.9,0
"403","USC00281608",1974-12-08,17.8,10
"404","USC00281608",1974-12-09,15,3.3
"405","USC00281608",1974-12-10,9.4,-5.6
"406","USC00281608",1974-12-11,9.4,-6.1
"407","USC00281608",1974-12-12,11.1,0
"408","USC00281608",1974-12-13,13.3,-1.1
"409","USC00281608",1974-12-14,9.4,3.3
"410","USC00281608",1974-12-15,6.1,-4.4
"411","USC00281608",1974-12-16,11.1,2.2
"412","USC00281608",1974-12-17,11.1,0
"413","USC00281608",1974-12-18,5.6,0.6
"414","USC00281608",1974-12-19,4.4,-2.8
"415","USC00281608",1974-12-20,6.7,-0.6
"416","USC00281608",1974-12-21,7.8,0.6
"417","USC00281608",1974-12-22,7.2,-0.6
"418","USC00281608",1974-12-23,11.1,-5.6
"419","USC00281608",1974-12-24,11.7,2.2
"420","USC00281608",1974-12-25,NA,NA
"421","USC00281608",1974-12-26,10.6,-0.6
"422","USC00281608",1974-12-27,NA,NA
"423","USC00281608",1974-12-28,NA,NA
"424","USC00281608",1974-12-29,NA,NA
"425","USC00281608",1974-12-30,9.4,-4.4
"426","USC00281608",1974-12-31,13.3,-3.9
"427","USC00281608",1975-01-01,NA,NA
"428","USC00281608",1975-01-02,10.6,-1.1
"429","USC00281608",1975-01-03,5,-6.1
"430","USC00281608",1975-01-04,7.8,0
"431","USC00281608",1975-01-05,8.9,-0.6
"432","USC00281608",1975-01-06,7.2,-5.6
"433","USC00281608",1975-01-07,NA,NA
"434","USC00281608",1975-01-08,8.9,-3.3
"435","USC00281608",1975-01-09,10.6,5
"436","USC00281608",1975-01-10,12.2,-1.1
"437","USC00281608",1975-01-11,17.2,2.8
"438","USC00281608",1975-01-12,18.9,2.2
"439","USC00281608",1975-01-13,12.2,2.2
"440","USC00281608",1975-01-14,3.3,-6.1
"441","USC00281608",1975-01-15,2.8,-8.3
"442","USC00281608",1975-01-16,0,-6.1
"443","USC00281608",1975-01-17,3.9,-5
"444","USC00281608",1975-01-18,NA,-7.2
"445","USC00281608",1975-01-19,NA,NA
"446","USC00281608",1975-01-20,11.7,NA
"447","USC00281608",1975-01-21,NA,NA
"448","USC00281608",1975-01-22,NA,-10
"449","USC00281608",1975-01-23,5.6,-3.3
"450","USC00281608",1975-01-24,6.7,-4.4
"451","USC00281608",1975-01-25,12.2,1.7
"452","USC00281608",1975-01-26,13.9,-1.7
"453","USC00281608",1975-01-27,8.3,NA
"454","USC00281608",1975-01-28,7.2,-1.7
"455","USC00281608",1975-01-29,6.7,2.2
"456","USC00281608",1975-01-30,18.9,2.2
"457","USC00281608",1975-01-31,NA,NA
"458","USC00281608",1975-02-01,NA,-3.9
"459","USC00281608",1975-02-02,NA,NA
"460","USC00281608",1975-02-03,NA,NA
"461","USC00281608",1975-02-04,4.4,-6.7
"462","USC00281608",1975-02-05,2.2,-4.4
"463","USC00281608",1975-02-06,2.8,0
"464","USC00281608",1975-02-07,6.7,1.1
"465","USC00281608",1975-02-08,NA,NA
"466","USC00281608",1975-02-09,4.4,-9.4
"467","USC00281608",1975-02-10,3.3,-9.4
"468","USC00281608",1975-02-11,3.3,-4.4
"469","USC00281608",1975-02-12,4.4,-3.3
"470","USC00281608",1975-02-13,-0.6,-8.9
"471","USC00281608",1975-02-14,NA,NA
"472","USC00281608",1975-02-15,2.8,-8.3
"473","USC00281608",1975-02-16,6.7,-2.8
"474","USC00281608",1975-02-17,10,NA
"475","USC00281608",1975-02-18,NA,1.1
"476","USC00281608",1975-02-19,NA,NA
"477","USC00281608",1975-02-20,10.6,-2.8
"478","USC00281608",1975-02-21,7.8,-2.2
"479","USC00281608",1975-02-22,NA,-3.3
"480","USC00281608",1975-02-23,NA,NA
"481","USC00281608",1975-02-24,16.1,NA
"482","USC00281608",1975-02-25,16.7,7.2
"483","USC00281608",1975-02-26,11.7,4.4
"484","USC00281608",1975-02-27,11.7,3.3
"485","USC00281608",1975-02-28,10,-3.3
"486","USC00281608",1975-03-01,NA,NA
"487","USC00281608",1975-03-02,9.4,-4.4
"488","USC00281608",1975-03-03,3.9,-3.9
"489","USC00281608",1975-03-04,2.2,-4.4
"490","USC00281608",1975-03-05,5.6,-5
"491","USC00281608",1975-03-06,6.7,-5
"492","USC00281608",1975-03-07,16.7,-0.6
"493","USC00281608",1975-03-08,15,NA
"494","USC00281608",1975-03-09,NA,NA
"495","USC00281608",1975-03-10,NA,-7.2
"496","USC00281608",1975-03-11,6.1,-3.3
"497","USC00281608",1975-03-12,7.2,1.7
"498","USC00281608",1975-03-13,8.9,2.2
"499","USC00281608",1975-03-14,14.4,0
"500","USC00281608",1975-03-15,NA,NA
"501","USC00281608",1975-03-16,NA,NA
"502","USC00281608",1975-03-17,11.1,-3.3
"503","USC00281608",1975-03-18,12.8,-1.7
"504","USC00281608",1975-03-19,11.7,1.1
"505","USC00281608",1975-03-20,13.9,10
"506","USC00281608",1975-03-21,NA,NA
"507","USC00281608",1975-03-22,NA,NA
"508","USC00281608",1975-03-23,21.1,NA
"509","USC00281608",1975-03-24,NA,3.3
"510","USC00281608",1975-03-25,15.6,6.1
"511","USC00281608",1975-03-26,19.4,3.3
"512","USC00281608",1975-03-27,7.2,-5
"513","USC00281608",1975-03-28,NA,NA
"514","USC00281608",1975-03-29,NA,NA
"515","USC00281608",1975-03-30,NA,NA
"516","USC00281608",1975-03-31,13.3,-5.6
"517","USC00281608",1975-04-01,9.4,0
"518","USC00281608",1975-04-02,19.4,3.3
"519","USC00281608",1975-04-03,16.7,1.7
"520","USC00281608",1975-04-04,15,-7.8
"521","USC00281608",1975-04-05,NA,NA
"522","USC00281608",1975-04-06,NA,NA
"523","USC00281608",1975-04-07,6.7,-5.6
"524","USC00281608",1975-04-08,10,0
"525","USC00281608",1975-04-09,12.2,-1.7
"526","USC00281608",1975-04-10,12.8,1.1
"527","USC00281608",1975-04-11,10,-0.6
"528","USC00281608",1975-04-12,NA,NA
"529","USC00281608",1975-04-13,NA,NA
"530","USC00281608",1975-04-14,14.4,-2.8
"531","USC00281608",1975-04-15,14.4,2.8
"532","USC00281608",1975-04-16,8.3,3.9
"533","USC00281608",1975-04-17,16.7,6.1
"534","USC00281608",1975-04-18,20,5
"535","USC00281608",1975-04-19,NA,NA
"536","USC00281608",1975-04-20,23.9,NA
"537","USC00281608",1975-04-21,NA,NA
"538","USC00281608",1975-04-22,14.4,-1.7
"539","USC00281608",1975-04-23,15.6,1.7
"540","USC00281608",1975-04-24,21.1,7.2
"541","USC00281608",1975-04-25,22.2,13.3
"542","USC00281608",1975-04-26,22.2,NA
"543","USC00281608",1975-04-27,NA,NA
"544","USC00281608",1975-04-28,NA,2.2
"545","USC00281608",1975-04-29,18.3,9.4
"546","USC00281608",1975-04-30,15,7.2
"547","USC00281608",1975-05-01,20.6,6.7
"548","USC00281608",1975-05-02,10.6,7.8
"549","USC00281608",1975-05-03,18.9,4.4
"550","USC00281608",1975-05-04,23.9,NA
"551","USC00281608",1975-05-05,NA,7.8
"552","USC00281608",1975-05-06,18.3,7.2
"553","USC00281608",1975-05-07,20,9.4
"554","USC00281608",1975-05-08,NA,NA
"555","USC00281608",1975-05-09,NA,NA
"556","USC00281608",1975-05-10,NA,NA
"557","USC00281608",1975-05-11,NA,5.6
"558","USC00281608",1975-05-12,25.6,NA
"559","USC00281608",1975-05-13,26.7,15
"560","USC00281608",1975-05-14,25,13.9
"561","USC00281608",1975-05-15,27.8,12.2
"562","USC00281608",1975-05-16,26.7,15.6
"563","USC00281608",1975-05-17,26.1,10
"564","USC00281608",1975-05-18,NA,NA
"565","USC00281608",1975-05-19,21.7,13.3
"566","USC00281608",1975-05-20,27.8,15
"567","USC00281608",1975-05-21,31.1,17.2
"568","USC00281608",1975-05-22,30,18.3
"569","USC00281608",1975-05-23,30.6,16.7
"570","USC00281608",1975-05-24,NA,NA
"571","USC00281608",1975-05-25,32.8,NA
"572","USC00281608",1975-05-26,NA,11.7
"573","USC00281608",1975-05-27,NA,NA
"574","USC00281608",1975-05-28,29.4,16.1
"575","USC00281608",1975-05-29,28.9,11.7
"576","USC00281608",1975-05-30,30,13.9
"577","USC00281608",1975-05-31,NA,NA
"578","USC00281608",1975-06-01,NA,NA
"579","USC00281608",1975-06-02,NA,NA
"580","USC00281608",1975-06-03,28.9,15
"581","USC00281608",1975-06-04,27.2,15
"582","USC00281608",1975-06-05,29.4,15
"583","USC00281608",1975-06-06,21.7,14.4
"584","USC00281608",1975-06-07,27.2,NA
"585","USC00281608",1975-06-08,NA,NA
"586","USC00281608",1975-06-09,NA,8.3
"587","USC00281608",1975-06-10,23.9,8.9
"588","USC00281608",1975-06-11,24.4,10
"589","USC00281608",1975-06-12,25.6,15
"590","USC00281608",1975-06-13,21.1,16.1
"591","USC00281608",1975-06-14,31.1,NA
"592","USC00281608",1975-06-15,NA,NA
"593","USC00281608",1975-06-16,NA,15
"594","USC00281608",1975-06-17,30,18.3
"595","USC00281608",1975-06-18,30.6,20
"596","USC00281608",1975-06-19,32.2,20
"597","USC00281608",1975-06-20,33.9,19.4
"598","USC00281608",1975-06-21,NA,NA
"599","USC00281608",1975-06-22,NA,NA
"600","USC00281608",1975-06-23,30.6,11.7
"601","USC00281608",1975-06-24,31.7,20
"602","USC00281608",1975-06-25,33.9,21.1
"603","USC00281608",1975-06-26,31.1,16.7
"604","USC00281608",1975-06-27,23.3,15.6
"605","USC00281608",1975-06-28,NA,NA
"606","USC00281608",1975-06-29,NA,NA
"607","USC00281608",1975-06-30,29.4,17.2
"608","USC00281608",1975-07-01,27.2,12.2
"609","USC00281608",1975-07-02,29.4,11.7
"610","USC00281608",1975-07-03,32.2,18.3
"611","USC00281608",1975-07-04,33.3,15
"612","USC00281608",1975-07-05,NA,NA
"613","USC00281608",1975-07-06,NA,NA
"614","USC00281608",1975-07-07,NA,NA
"615","USC00281608",1975-07-08,29.4,18.3
"616","USC00281608",1975-07-09,30,18.9
"617","USC00281608",1975-07-10,30.6,18.3
"618","USC00281608",1975-07-11,30.6,18.3
"619","USC00281608",1975-07-12,27.2,NA
"620","USC00281608",1975-07-13,NA,18.9
"621","USC00281608",1975-07-14,24.4,20
"622","USC00281608",1975-07-15,27.8,20.6
"623","USC00281608",1975-07-16,30.6,20.6
"624","USC00281608",1975-07-17,31.1,21.1
"625","USC00281608",1975-07-18,32.2,20.6
"626","USC00281608",1975-07-19,NA,NA
"627","USC00281608",1975-07-20,NA,NA
"628","USC00281608",1975-07-21,31.7,20
"629","USC00281608",1975-07-22,32.2,19.4
"630","USC00281608",1975-07-23,31.1,17.2
"631","USC00281608",1975-07-24,32.2,19.4
"632","USC00281608",1975-07-25,32.2,22.2
"633","USC00281608",1975-07-26,NA,NA
"634","USC00281608",1975-07-27,NA,11.1
"635","USC00281608",1975-07-28,28.3,NA
"636","USC00281608",1975-07-29,31.7,17.2
"637","USC00281608",1975-07-30,31.1,15
"638","USC00281608",1975-07-31,32.2,17.2
"639","USC00281608",1975-08-01,NA,NA
"640","USC00281608",1975-08-02,NA,NA
"641","USC00281608",1975-08-03,NA,NA
"642","USC00281608",1975-08-04,37.8,20.6
"643","USC00281608",1975-08-05,33.9,20
"644","USC00281608",1975-08-06,33.3,20
"645","USC00281608",1975-08-07,26.7,11.7
"646","USC00281608",1975-08-08,22.2,13.3
"647","USC00281608",1975-08-09,NA,NA
"648","USC00281608",1975-08-10,NA,NA
"649","USC00281608",1975-08-11,31.1,13.9
"650","USC00281608",1975-08-12,30.6,17.8
"651","USC00281608",1975-08-13,32.8,18.3
"652","USC00281608",1975-08-14,32.2,20
"653","USC00281608",1975-08-15,31.7,16.1
"654","USC00281608",1975-08-16,NA,NA
"655","USC00281608",1975-08-17,NA,NA
"656","USC00281608",1975-08-18,30,17.8
"657","USC00281608",1975-08-19,31.1,13.3
"658","USC00281608",1975-08-20,28.9,15.6
"659","USC00281608",1975-08-21,28.3,13.3
"660","USC00281608",1975-08-22,27.8,16.1
"661","USC00281608",1975-08-23,NA,NA
"662","USC00281608",1975-08-24,NA,NA
"663","USC00281608",1975-08-25,31.1,13.9
"664","USC00281608",1975-08-26,35,21.7
"665","USC00281608",1975-08-27,34.4,20
"666","USC00281608",1975-08-28,31.1,13.3
"667","USC00281608",1975-08-29,29.4,12.8
"668","USC00281608",1975-08-30,NA,NA
"669","USC00281608",1975-08-31,NA,NA
"670","USC00281608",1975-10-01,NA,NA
"671","USC00281608",1975-10-02,25,15
"672","USC00281608",1975-10-03,18.3,5
"673","USC00281608",1975-10-04,NA,NA
"674","USC00281608",1975-10-05,NA,NA
"675","USC00281608",1975-10-06,NA,NA
"676","USC00281608",1975-10-07,25.6,8.9
"677","USC00281608",1975-10-08,22.2,4.4
"678","USC00281608",1975-10-09,23.9,5
"679","USC00281608",1975-10-10,16.1,11.1
"680","USC00281608",1975-10-11,NA,NA
"681","USC00281608",1975-10-12,NA,NA
"682","USC00281608",1975-10-13,NA,NA
"683","USC00281608",1975-10-14,22.2,9.4
"684","USC00281608",1975-10-15,30.6,13.9
"685","USC00281608",1975-10-16,29.4,15.6
"686","USC00281608",1975-10-17,23.9,11.7
"687","USC00281608",1975-10-18,NA,NA
"688","USC00281608",1975-10-19,NA,NA
"689","USC00281608",1975-10-20,NA,11.1
"690","USC00281608",1975-10-21,17.2,7.8
"691","USC00281608",1975-10-22,22.2,7.2
"692","USC00281608",1975-10-23,26.7,10
"693","USC00281608",1975-10-24,27.2,10
"694","USC00281608",1975-10-25,NA,NA
"695","USC00281608",1975-10-26,NA,NA
"696","USC00281608",1975-10-27,NA,10
"697","USC00281608",1975-10-28,16.1,7.2
"698","USC00281608",1975-10-29,21.7,6.7
"699","USC00281608",1975-10-30,22.2,7.2
"700","USC00281608",1975-10-31,11.1,-1.1
"701","USC00281608",1975-11-01,NA,-1.7
"702","USC00281608",1975-11-02,NA,NA
"703","USC00281608",1975-11-03,21.1,NA
"704","USC00281608",1975-11-04,NA,NA
"705","USC00281608",1975-11-05,26.1,11.7
"706","USC00281608",1975-11-06,26.1,4.4
"707","USC00281608",1975-11-07,21.1,6.7
"708","USC00281608",1975-11-08,NA,10.6
"709","USC00281608",1975-11-09,NA,NA
"710","USC00281608",1975-11-10,26.1,NA
"711","USC00281608",1975-11-11,21.1,NA
"712","USC00281608",1975-11-12,NA,2.8
"713","USC00281608",1975-11-13,16.7,8.3
"714","USC00281608",1975-11-14,11.1,5
"715","USC00281608",1975-11-15,NA,NA
"716","USC00281608",1975-11-16,NA,NA
"717","USC00281608",1975-11-17,14.4,-0.6
"718","USC00281608",1975-11-18,16.7,0.6
"719","USC00281608",1975-11-19,21.1,3.9
"720","USC00281608",1975-11-20,20,3.9
"721","USC00281608",1975-11-21,21.1,4.4
"722","USC00281608",1975-11-22,17.8,NA
"723","USC00281608",1975-11-23,NA,-2.8
"724","USC00281608",1975-11-24,NA,NA
"725","USC00281608",1975-11-25,7.8,0
"726","USC00281608",1975-11-26,8.9,-1.7
"727","USC00281608",1975-11-27,NA,NA
"728","USC00281608",1975-11-28,NA,NA
"729","USC00281608",1975-11-29,NA,NA
"730","USC00281608",1975-11-30,NA,NA
"731","USC00281608",1975-12-01,17.2,-5
"732","USC00281608",1975-12-02,10,-1.1
"733","USC00281608",1975-12-03,6.7,-3.3
"734","USC00281608",1975-12-04,6.7,-4.4
"735","USC00281608",1975-12-05,3.3,-5.6
"736","USC00281608",1975-12-06,NA,NA
"737","USC00281608",1975-12-07,NA,NA
"738","USC00281608",1975-12-08,15.6,-3.3
"739","USC00281608",1975-12-09,11.7,-2.8
"740","USC00281608",1975-12-10,8.9,0.6
"741","USC00281608",1975-12-11,8.9,0.6
"742","USC00281608",1975-12-12,11.1,2.2
"743","USC00281608",1975-12-13,NA,NA
"744","USC00281608",1975-12-14,NA,NA
"745","USC00281608",1975-12-15,17.8,1.7
"746","USC00281608",1975-12-16,10,-5
"747","USC00281608",1975-12-17,10,-3.3
"748","USC00281608",1975-12-18,2.2,-9.4
"749","USC00281608",1975-12-19,NA,NA
"750","USC00281608",1975-12-20,NA,NA
"751","USC00281608",1975-12-21,NA,NA
"752","USC00281608",1975-12-22,NA,NA
"753","USC00281608",1975-12-23,NA,NA
"754","USC00281608",1975-12-24,NA,NA
"755","USC00281608",1975-12-25,NA,NA
"756","USC00281608",1975-12-26,NA,NA
"757","USC00281608",1975-12-27,NA,NA
"758","USC00281608",1975-12-28,NA,NA
"759","USC00281608",1975-12-29,NA,NA
"760","USC00281608",1975-12-30,NA,NA
"761","USC00281608",1975-12-31,NA,NA
"762","USC00281608",1976-01-01,NA,NA
"763","USC00281608",1976-01-02,NA,NA
"764","USC00281608",1976-01-03,NA,NA
"765","USC00281608",1976-01-04,NA,NA
"766","USC00281608",1976-01-05,NA,-11.1
"767","USC00281608",1976-01-06,-1.1,-11.7
"768","USC00281608",1976-01-07,1.7,-10.6
"769","USC00281608",1976-01-08,2.8,-1.7
"770","USC00281608",1976-01-09,2.8,-10
"771","USC00281608",1976-01-10,NA,NA
"772","USC00281608",1976-01-11,NA,NA
"773","USC00281608",1976-01-12,3.9,-11.1
"774","USC00281608",1976-01-13,3.9,-7.8
"775","USC00281608",1976-01-14,13.9,-5.6
"776","USC00281608",1976-01-15,6.7,-1.7
"777","USC00281608",1976-01-16,2.8,NA
"778","USC00281608",1976-01-17,6.1,NA
"779","USC00281608",1976-01-18,NA,NA
"780","USC00281608",1976-01-19,NA,NA
"781","USC00281608",1976-01-20,NA,-15
"782","USC00281608",1976-01-21,-1.1,-3.9
"783","USC00281608",1976-01-22,2.8,-5
"784","USC00281608",1976-01-23,-1.1,-15
"785","USC00281608",1976-01-24,NA,-13.9
"786","USC00281608",1976-01-25,NA,NA
"787","USC00281608",1976-01-26,6.7,NA
"788","USC00281608",1976-01-27,18.9,5
"789","USC00281608",1976-01-28,14.4,0
"790","USC00281608",1976-01-29,1.7,-2.8
"791","USC00281608",1976-01-30,7.2,-3.9
"792","USC00281608",1976-01-31,NA,NA
"793","USC00281608",1976-02-01,NA,NA
"794","USC00281608",1976-02-02,12.2,-10.6
"795","USC00281608",1976-02-03,-7.8,-12.2
"796","USC00281608",1976-02-04,-1.1,-9.4
"797","USC00281608",1976-02-05,6.7,-7.8
"798","USC00281608",1976-02-06,-1.7,-8.9
"799","USC00281608",1976-02-07,NA,-9.4
"800","USC00281608",1976-02-08,NA,NA
"801","USC00281608",1976-02-09,5,NA
"802","USC00281608",1976-02-10,2.8,-7.2
"803","USC00281608",1976-02-11,11.1,-3.9
"804","USC00281608",1976-02-12,NA,NA
"805","USC00281608",1976-02-13,13.3,0
"806","USC00281608",1976-02-14,NA,NA
"807","USC00281608",1976-02-15,NA,-6.1
"808","USC00281608",1976-02-16,NA,NA
"809","USC00281608",1976-02-17,21.1,NA
"810","USC00281608",1976-02-18,21.1,3.9
"811","USC00281608",1976-02-19,16.1,4.4
"812","USC00281608",1976-02-20,16.1,3.3
"813","USC00281608",1976-02-21,NA,NA
"814","USC00281608",1976-02-22,NA,NA
"815","USC00281608",1976-02-23,16.7,-4.4
"816","USC00281608",1976-02-24,2.8,-3.9
"817","USC00281608",1976-02-25,11.7,-4.4
"818","USC00281608",1976-02-26,20.6,3.9
"819","USC00281608",1976-02-27,17.2,5
"820","USC00281608",1976-02-28,NA,NA
"821","USC00281608",1976-02-29,NA,NA
"822","USC00281608",1976-03-01,21.1,-1.1
"823","USC00281608",1976-03-02,17.8,3.9
"824","USC00281608",1976-03-03,6.1,0.6
"825","USC00281608",1976-03-04,5,1.1
"826","USC00281608",1976-03-05,9.4,3.9
"827","USC00281608",1976-03-06,25.6,NA
"828","USC00281608",1976-03-07,NA,NA
"829","USC00281608",1976-03-08,NA,-2.2
"830","USC00281608",1976-03-09,10,-2.8
"831","USC00281608",1976-03-10,0,-5
"832","USC00281608",1976-03-11,4.4,-4.4
"833","USC00281608",1976-03-12,10,-3.9
"834","USC00281608",1976-03-13,NA,NA
"835","USC00281608",1976-03-14,19.4,NA
"836","USC00281608",1976-03-15,NA,-3.9
"837","USC00281608",1976-03-16,14.4,1.7
"838","USC00281608",1976-03-17,9.4,-2.8
"839","USC00281608",1976-03-18,1.1,-6.7
"840","USC00281608",1976-03-19,8.9,-3.9
"841","USC00281608",1976-03-20,NA,NA
"842","USC00281608",1976-03-21,NA,NA
"843","USC00281608",1976-03-22,24.4,2.2
"844","USC00281608",1976-03-23,8.3,-4.4
"845","USC00281608",1976-03-24,13.9,-0.6
"846","USC00281608",1976-03-25,19.4,5.6
"847","USC00281608",1976-03-26,19.4,3.3
"848","USC00281608",1976-03-27,NA,NA
"849","USC00281608",1976-03-28,23.9,NA
"850","USC00281608",1976-03-29,NA,1.7
"851","USC00281608",1976-03-30,18.9,7.2
"852","USC00281608",1976-03-31,17.2,4.4
"853","USC00281608",1976-04-01,14.4,6.1
"854","USC00281608",1976-04-02,16.1,2.2
"855","USC00281608",1976-04-03,NA,NA
"856","USC00281608",1976-04-04,NA,NA
"857","USC00281608",1976-04-05,13.9,1.7
"858","USC00281608",1976-04-06,14.4,0.6
"859","USC00281608",1976-04-07,18.3,0.6
"860","USC00281608",1976-04-08,16.7,2.2
"861","USC00281608",1976-04-09,11.1,1.7
"862","USC00281608",1976-04-10,NA,NA
"863","USC00281608",1976-04-11,NA,NA
"864","USC00281608",1976-04-12,18.3,NA
"865","USC00281608",1976-04-13,NA,-3.3
"866","USC00281608",1976-04-14,17.8,0.6
"867","USC00281608",1976-04-15,22.2,0
"868","USC00281608",1976-04-16,NA,8.3
"869","USC00281608",1976-04-17,NA,NA
"870","USC00281608",1976-04-18,35,NA
"871","USC00281608",1976-04-19,NA,NA
"872","USC00281608",1976-04-20,NA,NA
"873","USC00281608",1976-04-21,31.7,11.1
"874","USC00281608",1976-04-22,30.6,11.7
"875","USC00281608",1976-04-23,26.7,10
"876","USC00281608",1976-04-24,26.1,NA
"877","USC00281608",1976-04-25,NA,NA
"878","USC00281608",1976-04-26,NA,5.6
"879","USC00281608",1976-04-27,15,2.8
"880","USC00281608",1976-04-28,12.2,4.4
"881","USC00281608",1976-04-29,18.3,7.8
"882","USC00281608",1976-04-30,18.9,3.9
"883","USC00281608",1976-05-01,NA,NA
"884","USC00281608",1976-05-02,NA,NA
"885","USC00281608",1976-05-03,23.3,NA
"886","USC00281608",1976-05-04,18.9,5.6
"887","USC00281608",1976-05-05,14.4,1.1
"888","USC00281608",1976-05-06,23.9,10
"889","USC00281608",1976-05-07,27.8,15.6
"890","USC00281608",1976-05-08,26.7,NA
"891","USC00281608",1976-05-09,NA,NA
"892","USC00281608",1976-05-10,NA,3.3
"893","USC00281608",1976-05-11,25.6,11.7
"894","USC00281608",1976-05-12,23.9,10
"895","USC00281608",1976-05-13,18.3,3.3
"896","USC00281608",1976-05-14,22.2,6.1
"897","USC00281608",1976-05-15,29.4,NA
"898","USC00281608",1976-05-16,NA,NA
"899","USC00281608",1976-05-17,NA,16.7
"900","USC00281608",1976-05-18,26.1,16.7
"901","USC00281608",1976-05-19,25,5
"902","USC00281608",1976-05-20,13.9,6.1
"903","USC00281608",1976-05-21,26.1,12.8
"904","USC00281608",1976-05-22,NA,NA
"905","USC00281608",1976-05-23,NA,NA
"906","USC00281608",1976-05-24,27.2,5
"907","USC00281608",1976-05-25,22.2,7.2
"908","USC00281608",1976-05-26,NA,NA
"909","USC00281608",1976-05-27,18.3,6.1
"910","USC00281608",1976-05-28,25.6,8.3
"911","USC00281608",1976-05-29,NA,NA
"912","USC00281608",1976-05-30,NA,NA
"913","USC00281608",1976-05-31,NA,NA
"914","USC00281608",1976-06-01,27.8,12.2
"915","USC00281608",1976-06-02,29.4,11.1
"916","USC00281608",1976-06-03,17.8,6.1
"917","USC00281608",1976-06-04,23.3,6.7
"918","USC00281608",1976-06-05,NA,6.1
"919","USC00281608",1976-06-06,NA,NA
"920","USC00281608",1976-06-07,24.4,NA
"921","USC00281608",1976-06-08,29.4,4.4
"922","USC00281608",1976-06-09,29.4,13.9
"923","USC00281608",1976-06-10,34.4,13.3
"924","USC00281608",1976-06-11,33.9,18.3
"925","USC00281608",1976-06-12,32.8,NA
"926","USC00281608",1976-06-13,NA,10.6
"927","USC00281608",1976-06-14,NA,NA
"928","USC00281608",1976-06-15,26.7,18.3
"929","USC00281608",1976-06-16,32.2,19.4
"930","USC00281608",1976-06-17,30.6,21.7
"931","USC00281608",1976-06-18,27.8,18.3
"932","USC00281608",1976-06-19,NA,19.4
"933","USC00281608",1976-06-20,NA,NA
"934","USC00281608",1976-06-21,32.2,NA
"935","USC00281608",1976-06-22,29.4,20
"936","USC00281608",1976-06-23,27.2,18.3
"937","USC00281608",1976-06-24,31.7,18.3
"938","USC00281608",1976-06-25,32.2,22.2
"939","USC00281608",1976-06-26,NA,NA
"940","USC00281608",1976-06-27,NA,15
"941","USC00281608",1976-06-28,33.9,NA
"942","USC00281608",1976-06-29,34.4,19.4
"943","USC00281608",1976-06-30,33.3,19.4
"944","USC00281608",1976-07-01,32.8,18.3
"945","USC00281608",1976-07-02,30,14.4
"946","USC00281608",1976-07-03,30.6,12.8
"947","USC00281608",1976-07-04,31.1,18.9
"948","USC00281608",1976-07-05,NA,NA
"949","USC00281608",1976-07-06,NA,NA
"950","USC00281608",1976-07-07,NA,NA
"951","USC00281608",1976-07-08,27.2,17.2
"952","USC00281608",1976-07-09,28.9,18.3
"953","USC00281608",1976-07-10,NA,NA
"954","USC00281608",1976-07-11,NA,NA
"955","USC00281608",1976-07-12,30.6,13.9
"956","USC00281608",1976-07-13,28.3,17.2
"957","USC00281608",1976-07-14,22.2,15
"958","USC00281608",1976-07-15,29.4,16.7
"959","USC00281608",1976-07-16,30,15
"960","USC00281608",1976-07-17,NA,NA
"961","USC00281608",1976-07-18,NA,NA
"962","USC00281608",1976-07-19,31.1,13.3
"963","USC00281608",1976-07-20,31.7,19.4
"964","USC00281608",1976-07-21,NA,NA
"965","USC00281608",1976-07-22,NA,NA
"966","USC00281608",1976-07-23,30.6,16.1
"967","USC00281608",1976-07-24,NA,NA
"968","USC00281608",1976-07-25,NA,NA
"969","USC00281608",1976-07-26,31.7,9.4
"970","USC00281608",1976-07-27,27.8,14.4
"971","USC00281608",1976-07-28,NA,NA
"972","USC00281608",1976-07-29,32.8,17.2
"973","USC00281608",1976-07-30,28.3,20
"974","USC00281608",1976-07-31,NA,NA
"975","USC00281608",1976-08-01,31.1,NA
"976","USC00281608",1976-08-02,NA,13.9
"977","USC00281608",1976-08-03,26.7,11.1
"978","USC00281608",1976-08-04,27.8,11.7
"979","USC00281608",1976-08-05,29.4,13.9
"980","USC00281608",1976-08-06,30.6,17.2
"981","USC00281608",1976-08-07,32.2,NA
"982","USC00281608",1976-08-08,NA,NA
"983","USC00281608",1976-08-09,NA,17.8
"984","USC00281608",1976-08-10,23.9,17.8
"985","USC00281608",1976-08-11,28.3,14.4
"986","USC00281608",1976-08-12,26.7,16.7
"987","USC00281608",1976-08-13,NA,NA
"988","USC00281608",1976-08-14,32.8,NA
"989","USC00281608",1976-08-15,NA,NA
"990","USC00281608",1976-08-16,NA,16.1
"991","USC00281608",1976-08-17,26.1,14.4
"992","USC00281608",1976-08-18,28.3,16.1
"993","USC00281608",1976-08-19,27.8,13.3
"994","USC00281608",1976-08-20,25.6,10
"995","USC00281608",1976-08-21,NA,13.3
"996","USC00281608",1976-08-22,NA,NA
"997","USC00281608",1976-08-23,35,NA
"998","USC00281608",1976-08-24,33.3,19.4
"999","USC00281608",1976-08-25,30,15
"1000","USC00281608",1976-08-26,31.1,18.3
"1001","USC00281608",1976-08-27,32.8,21.7
"1002","USC00281608",1976-08-28,NA,NA
"1003","USC00281608",1976-08-29,NA,NA
"1004","USC00281608",1976-08-30,31.7,12.8
"1005","USC00281608",1976-08-31,23.9,6.1
"1006","USC00281608",1976-09-01,25,9.4
"1007","USC00281608",1976-09-02,28.3,16.7
"1008","USC00281608",1976-09-03,21.7,12.2
"1009","USC00281608",1976-09-04,NA,NA
"1010","USC00281608",1976-09-05,NA,NA
"1011","USC00281608",1976-09-06,29.4,NA
"1012","USC00281608",1976-09-07,NA,7.2
"1013","USC00281608",1976-09-08,27.2,9.4
"1014","USC00281608",1976-09-09,32.8,15.6
"1015","USC00281608",1976-09-10,30.6,17.2
"1016","USC00281608",1976-09-11,NA,NA
"1017","USC00281608",1976-09-12,NA,7.2
"1018","USC00281608",1976-09-13,29.4,NA
"1019","USC00281608",1976-09-14,32.2,11.7
"1020","USC00281608",1976-09-15,32.8,13.9
"1021","USC00281608",1976-09-16,25,16.1
"1022","USC00281608",1976-09-17,22.2,19.4
"1023","USC00281608",1976-09-18,NA,NA
"1024","USC00281608",1976-09-19,NA,NA
"1025","USC00281608",1976-09-20,28.9,12.8
"1026","USC00281608",1976-09-21,27.8,13.3
"1027","USC00281608",1976-09-22,21.7,7.2
"1028","USC00281608",1976-09-23,19.4,3.9
"1029","USC00281608",1976-09-24,25.6,5
"1030","USC00281608",1976-09-25,NA,NA
"1031","USC00281608",1976-09-26,NA,NA
"1032","USC00281608",1976-09-27,22.8,20
"1033","USC00281608",1976-09-28,20.6,13.3
"1034","USC00281608",1976-09-29,20.6,6.7
"1035","USC00281608",1976-09-30,21.7,11.7
"1036","USC00281608",1976-10-01,14.4,11.7
"1037","USC00281608",1976-10-02,NA,NA
"1038","USC00281608",1976-10-03,NA,NA
"1039","USC00281608",1976-10-04,16.7,10.6
"1040","USC00281608",1976-10-05,NA,NA
"1041","USC00281608",1976-10-06,NA,NA
"1042","USC00281608",1976-10-07,NA,NA
"1043","USC00281608",1976-10-08,25.6,NA
"1044","USC00281608",1976-10-09,25.6,NA
"1045","USC00281608",1976-10-10,NA,NA
"1046","USC00281608",1976-10-11,NA,NA
"1047","USC00281608",1976-10-12,NA,-0.6
"1048","USC00281608",1976-10-13,18.3,2.2
"1049","USC00281608",1976-10-14,21.7,1.1
"1050","USC00281608",1976-10-15,17.2,2.8
"1051","USC00281608",1976-10-16,22.8,NA
"1052","USC00281608",1976-10-17,NA,NA
"1053","USC00281608",1976-10-18,NA,2.8
"1054","USC00281608",1976-10-19,11.1,-4.4
"1055","USC00281608",1976-10-20,13.3,-3.3
"1056","USC00281608",1976-10-21,17.2,9.4
"1057","USC00281608",1976-10-22,14.4,5
"1058","USC00281608",1976-10-23,NA,1.1
"1059","USC00281608",1976-10-24,NA,NA
"1060","USC00281608",1976-10-25,13.3,NA
"1061","USC00281608",1976-10-26,13.9,6.7
"1062","USC00281608",1976-10-27,11.7,-1.7
"1063","USC00281608",1976-10-28,6.1,-2.2
"1064","USC00281608",1976-10-29,7.8,-1.7
"1065","USC00281608",1976-10-30,NA,NA
"1066","USC00281608",1976-10-31,NA,NA
"1067","USC00281608",1976-11-01,NA,NA
"1068","USC00281608",1976-11-02,NA,NA
"1069","USC00281608",1976-11-03,11.7,-3.3
"1070","USC00281608",1976-11-04,13.3,2.8
"1071","USC00281608",1976-11-05,15,3.3
"1072","USC00281608",1976-11-06,NA,NA
"1073","USC00281608",1976-11-07,NA,NA
"1074","USC00281608",1976-11-08,15,0
"1075","USC00281608",1976-11-09,6.1,-4.4
"1076","USC00281608",1976-11-10,5,-2.2
"1077","USC00281608",1976-11-11,12.8,-2.8
"1078","USC00281608",1976-11-12,NA,NA
"1079","USC00281608",1976-11-13,NA,NA
"1080","USC00281608",1976-11-14,NA,NA
"1081","USC00281608",1976-11-15,9.4,-2.8
"1082","USC00281608",1976-11-16,8.9,-2.2
"1083","USC00281608",1976-11-17,9.4,-5
"1084","USC00281608",1976-11-18,10,-3.3
"1085","USC00281608",1976-11-19,12.2,-1.1
"1086","USC00281608",1976-11-20,NA,NA
"1087","USC00281608",1976-11-21,NA,-5.6
"1088","USC00281608",1976-11-22,NA,NA
"1089","USC00281608",1976-11-23,5.6,-2.8
"1090","USC00281608",1976-11-24,NA,NA
"1091","USC00281608",1976-11-25,NA,NA
"1092","USC00281608",1976-11-26,NA,NA
"1093","USC00281608",1976-11-27,18.9,NA
"1094","USC00281608",1976-11-28,NA,NA
"1095","USC00281608",1976-11-29,NA,NA
"1096","USC00281608",1976-11-30,5,-8.9
"1097","USC00281608",1976-12-01,-1.7,-9.4
"1098","USC00281608",1976-12-02,1.1,-8.3
"1099","USC00281608",1976-12-03,5,-11.7
"1100","USC00281608",1976-12-04,NA,NA
"1101","USC00281608",1976-12-05,NA,NA
"1102","USC00281608",1976-12-06,5,-11.1
"1103","USC00281608",1976-12-07,NA,NA
"1104","USC00281608",1976-12-08,15,-6.7
"1105","USC00281608",1976-12-09,-2.8,-7.2
"1106","USC00281608",1976-12-10,2.2,-5.6
"1107","USC00281608",1976-12-11,NA,NA
"1108","USC00281608",1976-12-12,NA,NA
"1109","USC00281608",1976-12-13,9.4,-1.7
"1110","USC00281608",1976-12-14,-0.6,-11.1
"1111","USC00281608",1976-12-15,1.7,-10
"1112","USC00281608",1976-12-16,7.2,-3.3
"1113","USC00281608",1976-12-17,NA,NA
"1114","USC00281608",1976-12-18,NA,NA
"1115","USC00281608",1976-12-19,NA,NA
"1116","USC00281608",1976-12-20,10,-5.6
"1117","USC00281608",1976-12-21,11.7,-2.8
"1118","USC00281608",1976-12-22,NA,NA
"1119","USC00281608",1976-12-23,NA,NA
"1120","USC00281608",1976-12-24,6.1,NA
"1121","USC00281608",1976-12-25,NA,-9.4
"1122","USC00281608",1976-12-26,NA,NA
"1123","USC00281608",1976-12-27,NA,NA
"1124","USC00281608",1976-12-28,NA,NA
"1125","USC00281608",1976-12-29,0.6,-5.6
"1126","USC00281608",1976-12-30,-1.1,-12.8
"1127","USC00281608",1976-12-31,NA,NA
"1128","USC00281608",1977-01-01,NA,-14.4
"1129","USC00281608",1977-01-02,NA,NA
"1130","USC00281608",1977-01-03,2.2,NA
"1131","USC00281608",1977-01-04,0.6,-6.7
"1132","USC00281608",1977-01-05,3.9,-8.9
"1133","USC00281608",1977-01-06,0,-10
"1134","USC00281608",1977-01-07,1.7,-10
"1135","USC00281608",1977-01-08,3.3,-11.7
"1136","USC00281608",1977-01-09,NA,-11.7
"1137","USC00281608",1977-01-10,3.3,NA
"1138","USC00281608",1977-01-11,6.1,-8.9
"1139","USC00281608",1977-01-12,-3.3,-11.1
"1140","USC00281608",1977-01-13,-3.9,-13.3
"1141","USC00281608",1977-01-14,NA,NA
"1142","USC00281608",1977-01-15,NA,NA
"1143","USC00281608",1977-01-16,2.8,NA
"1144","USC00281608",1977-01-17,NA,-18.9
"1145","USC00281608",1977-01-18,-11.1,-18.3
"1146","USC00281608",1977-01-19,-8.9,-15.6
"1147","USC00281608",1977-01-20,-3.3,-13.9
"1148","USC00281608",1977-01-21,2.2,-8.3
"1149","USC00281608",1977-01-22,NA,NA
"1150","USC00281608",1977-01-23,NA,NA
"1151","USC00281608",1977-01-24,-0.6,-10.6
"1152","USC00281608",1977-01-25,2.8,-8.9
"1153","USC00281608",1977-01-26,4.4,-6.7
"1154","USC00281608",1977-01-27,NA,NA
"1155","USC00281608",1977-01-28,NA,NA
"1156","USC00281608",1977-01-29,NA,NA
"1157","USC00281608",1977-01-30,NA,NA
"1158","USC00281608",1977-01-31,NA,NA
"1159","USC00281608",1977-02-01,NA,NA
"1160","USC00281608",1977-02-02,NA,NA
"1161","USC00281608",1977-02-03,NA,NA
"1162","USC00281608",1977-02-04,4.4,NA
"1163","USC00281608",1977-02-05,NA,NA
"1164","USC00281608",1977-02-06,NA,-14.4
"1165","USC00281608",1977-02-07,NA,NA
"1166","USC00281608",1977-02-08,-1.1,-10.6
"1167","USC00281608",1977-02-09,1.7,-11.7
"1168","USC00281608",1977-02-10,5.6,-10
"1169","USC00281608",1977-02-11,NA,-4.4
"1170","USC00281608",1977-02-12,13.9,NA
"1171","USC00281608",1977-02-13,NA,NA
"1172","USC00281608",1977-02-14,NA,NA
"1173","USC00281608",1977-02-15,8.3,0
"1174","USC00281608",1977-02-16,6.1,-7.8
"1175","USC00281608",1977-02-17,0,NA
"1176","USC00281608",1977-02-18,NA,-11.1
"1177","USC00281608",1977-02-19,NA,NA
"1178","USC00281608",1977-02-20,6.1,NA
"1179","USC00281608",1977-02-21,NA,NA
"1180","USC00281608",1977-02-22,NA,-12.2
"1181","USC00281608",1977-02-23,11.7,-5.6
"1182","USC00281608",1977-02-24,22.2,0.6
"1183","USC00281608",1977-02-25,14.4,0
"1184","USC00281608",1977-02-26,NA,NA
"1185","USC00281608",1977-02-27,NA,NA
"1186","USC00281608",1977-02-28,NA,NA
"1187","USC00281608",1999-11-01,20.6,10.6
"1188","USC00281608",1999-11-02,18.9,7.2
"1189","USC00281608",1999-11-03,10.6,3.3
"1190","USC00281608",1999-11-04,11.1,2.8
"1191","USC00281608",1999-11-05,18.3,3.3
"1192","USC00281608",1999-11-06,20,6.1
"1193","USC00281608",1999-11-07,10.6,2.2
"1194","USC00281608",1999-11-08,NA,NA
"1195","USC00281608",1999-11-09,NA,NA
"1196","USC00281608",1999-11-10,NA,11.1
"1197","USC00281608",1999-11-11,11.1,2.2
"1198","USC00281608",1999-11-12,11.7,3.3
"1199","USC00281608",1999-11-13,13.9,6.7
"1200","USC00281608",1999-11-14,17.8,6.7
"1201","USC00281608",1999-11-15,8.9,2.2
"1202","USC00281608",1999-11-16,4.4,1.1
"1203","USC00281608",1999-11-17,5.6,0
"1204","USC00281608",1999-11-18,10,0
"1205","USC00281608",1999-11-19,15.6,3.3
"1206","USC00281608",1999-11-20,20,9.4
"1207","USC00281608",1999-11-21,20,11.1
"1208","USC00281608",1999-11-22,15,12.2
"1209","USC00281608",1999-11-23,16.7,8.3
"1210","USC00281608",1999-11-24,17.8,15.6
"1211","USC00281608",1999-11-25,15.6,11.1
"1212","USC00281608",1999-11-26,20,11.1
"1213","USC00281608",1999-11-27,NA,NA
"1214","USC00281608",1999-11-28,10,3.3
"1215","USC00281608",1999-11-29,8.3,-0.6
"1216","USC00281608",1999-11-30,3.3,-5
"1217","USC00281608",2000-06-01,30.6,15
"1218","USC00281608",2000-06-02,32.2,13.9
"1219","USC00281608",2000-06-03,24.4,11.7
"1220","USC00281608",2000-06-04,24.4,13.9
"1221","USC00281608",2000-06-05,24.4,13.3
"1222","USC00281608",2000-06-06,13.3,10.6
"1223","USC00281608",2000-06-07,23.9,10.6
"1224","USC00281608",2000-06-08,27.2,15
"1225","USC00281608",2000-06-09,31.7,18.9
"1226","USC00281608",2000-06-10,33.9,18.9
"1227","USC00281608",2000-06-11,33.3,22.8
"1228","USC00281608",2000-06-12,30,13.3
"1229","USC00281608",2000-06-13,17.2,13.9
"1230","USC00281608",2000-06-14,16.7,14.4
"1231","USC00281608",2000-06-15,27.8,15.6
"1232","USC00281608",2000-06-16,31.1,21.1
"1233","USC00281608",2000-06-17,32.2,21.1
"1234","USC00281608",2000-06-18,27.8,18.3
"1235","USC00281608",2000-06-19,28.9,13.3
"1236","USC00281608",2000-06-20,27.2,17.2
"1237","USC00281608",2000-06-21,29.4,18.9
"1238","USC00281608",2000-06-22,29.4,17.2
"1239","USC00281608",2000-06-23,30,17.2
"1240","USC00281608",2000-06-24,32.2,21.1
"1241","USC00281608",2000-06-25,31.7,22.2
"1242","USC00281608",2000-06-26,25.6,17.8
"1243","USC00281608",2000-06-27,25.6,16.7
"1244","USC00281608",2000-06-28,NA,NA
"1245","USC00281608",2000-06-29,NA,NA
"1246","USC00281608",2000-06-30,NA,NA
"1247","USC00281608",2000-07-01,28.3,15
"1248","USC00281608",2000-07-02,30,15
"1249","USC00281608",2000-07-03,30.6,20.6
"1250","USC00281608",2000-07-04,30,21.7
"1251","USC00281608",2000-07-05,30.6,16.7
"1252","USC00281608",2000-07-06,27.8,15.6
"1253","USC00281608",2000-07-07,26.7,14.4
"1254","USC00281608",2000-07-08,27.2,16.1
"1255","USC00281608",2000-07-09,29.4,19.4
"1256","USC00281608",2000-07-10,32.8,19.4
"1257","USC00281608",2000-07-11,29.4,17.2
"1258","USC00281608",2000-07-12,29.4,16.7
"1259","USC00281608",2000-07-13,29.4,16.7
"1260","USC00281608",2000-07-14,24.4,18.3
"1261","USC00281608",2000-07-15,NA,NA
"1262","USC00281608",2000-07-16,26.7,17.8
"1263","USC00281608",2000-07-17,28.3,17.8
"1264","USC00281608",2000-07-18,31.1,17.2
"1265","USC00281608",2000-07-19,31.1,15
"1266","USC00281608",2000-07-20,25.6,16.1
"1267","USC00281608",2000-07-21,28.3,17.2
"1268","USC00281608",2000-07-22,28.3,15
"1269","USC00281608",2000-07-23,NA,NA
"1270","USC00281608",2000-07-24,NA,NA
"1271","USC00281608",2000-07-25,NA,NA
"1272","USC00281608",2000-07-26,NA,NA
"1273","USC00281608",2000-07-27,NA,NA
"1274","USC00281608",2000-07-28,NA,NA
"1275","USC00281608",2000-07-29,26.7,21.7
"1276","USC00281608",2000-07-30,30.6,21.7
"1277","USC00281608",2000-07-31,31.1,21.7
