"","id","date","tavg","tmax","tmin"
"1","USR0000IEAG",2000-07-01,NA,NA,NA
"2","USR0000IEAG",2000-07-02,NA,NA,NA
"3","USR0000IEAG",2000-07-03,NA,NA,NA
"4","USR0000IEAG",2000-07-04,NA,NA,NA
"5","USR0000IEAG",2000-07-05,NA,NA,NA
"6","USR0000IEAG",2000-07-06,NA,NA,NA
"7","USR0000IEAG",2000-07-07,17.5,21.1,13.3
"8","USR0000IEAG",2000-07-08,14.8,20.6,10.6
"9","USR0000IEAG",2000-07-09,13.6,20.6,8.9
"10","USR0000IEAG",2000-07-10,15,22.8,7.8
"11","USR0000IEAG",2000-07-11,16.3,25.6,10.6
"12","USR0000IEAG",2000-07-12,22.4,30.6,14.4
"13","USR0000IEAG",2000-07-13,21.6,28.9,14.4
"14","USR0000IEAG",2000-07-14,17.5,24.4,11.7
"15","USR0000IEAG",2000-07-15,13.7,20.6,6.1
"16","USR0000IEAG",2000-07-16,17.6,24.4,9.4
"17","USR0000IEAG",2000-07-17,19.2,25,13.3
"18","USR0000IEAG",2000-07-18,18.1,24.4,12.2
"19","USR0000IEAG",2000-07-19,18.9,26.1,12.2
"20","USR0000IEAG",2000-07-20,20.8,27.8,14.4
"21","USR0000IEAG",2000-07-21,22.6,30,15.6
"22","USR0000IEAG",2000-07-22,22.5,33.3,13.9
"23","USR0000IEAG",2000-07-23,15.1,22.8,9.4
"24","USR0000IEAG",2000-07-24,17.6,24.4,10
"25","USR0000IEAG",2000-07-25,19.7,27.2,12.8
"26","USR0000IEAG",2000-07-26,18.8,25.6,12.8
"27","USR0000IEAG",2000-07-27,18.1,27.2,11.7
"28","USR0000IEAG",2000-07-28,21.9,30.6,13.9
"29","USR0000IEAG",2000-07-29,23.9,31.1,17.8
"30","USR0000IEAG",2000-07-30,26.1,33.9,18.9
"31","USR0000IEAG",2000-07-31,24.6,31.7,18.9
"32","USR0000IEAG",2000-08-01,20.8,28.3,15
"33","USR0000IEAG",2000-08-02,20.7,28.3,14.4
"34","USR0000IEAG",2000-08-03,23.3,31.1,16.7
"35","USR0000IEAG",2000-08-04,20.9,29.4,16.1
"36","USR0000IEAG",2000-08-05,20.1,27.2,14.4
"37","USR0000IEAG",2000-08-06,20.4,28.9,15
"38","USR0000IEAG",2000-08-07,20.1,28.9,13.9
"39","USR0000IEAG",2000-08-08,22,30,14.4
"40","USR0000IEAG",2000-08-09,24.9,32.8,17.8
"41","USR0000IEAG",2000-08-10,19.3,27.2,10.6
"42","USR0000IEAG",2000-08-11,15.5,23.9,8.9
"43","USR0000IEAG",2000-08-12,18.4,27.8,11.1
"44","USR0000IEAG",2000-08-13,16.1,23.9,10.6
"45","USR0000IEAG",2000-08-14,15.8,23.3,8.9
"46","USR0000IEAG",2000-08-15,16.6,23.3,10.6
"47","USR0000IEAG",2000-08-16,16.9,24.4,10
"48","USR0000IEAG",2000-08-17,19.6,27.2,12.8
"49","USR0000IEAG",2000-08-18,15.9,25,9.4
"50","USR0000IEAG",2000-08-19,9.7,15.6,6.1
"51","USR0000IEAG",2000-08-20,10.3,17.8,4.4
"52","USR0000IEAG",2000-08-21,13,21.7,6.1
"53","USR0000IEAG",2000-08-22,17.8,26.1,10
"54","USR0000IEAG",2000-08-23,23.3,31.7,14.4
"55","USR0000IEAG",2000-08-24,18.8,26.7,13.3
"56","USR0000IEAG",2000-08-25,19.6,28.3,15
"57","USR0000IEAG",2000-08-26,13.9,21.7,7.2
"58","USR0000IEAG",2000-08-27,10,18.3,4.4
"59","USR0000IEAG",2000-08-28,11.9,20,5
"60","USR0000IEAG",2000-08-29,14.1,21.7,8.3
"61","USR0000IEAG",2000-08-30,13.2,19.4,10
"62","USR0000IEAG",2000-08-31,13.5,21.7,7.8
"63","USR0000IEAG",2000-09-01,7.9,12.8,6.1
"64","USR0000IEAG",2000-09-02,5.2,10,1.1
"65","USR0000IEAG",2000-09-03,6.9,16.1,1.7
"66","USR0000IEAG",2000-09-04,7.8,15,3.9
"67","USR0000IEAG",2000-09-05,4.8,6.7,2.8
"68","USR0000IEAG",2000-09-06,4.8,7.8,2.8
"69","USR0000IEAG",2000-09-07,11,20,4.4
"70","USR0000IEAG",2000-09-08,6.6,12.2,1.1
"71","USR0000IEAG",2000-09-09,3.8,11.1,0
"72","USR0000IEAG",2000-09-10,5,6.7,2.8
"73","USR0000IEAG",2000-09-11,8.3,12.8,6.1
"74","USR0000IEAG",2000-09-12,14.2,22.8,8.3
"75","USR0000IEAG",2000-09-13,16.9,23.3,10.6
"76","USR0000IEAG",2000-09-14,22.5,31.1,15
"77","USR0000IEAG",2000-09-15,18,24.4,12.8
"78","USR0000IEAG",2000-09-16,15.7,22.2,10.6
"79","USR0000IEAG",2000-09-17,14.5,22.2,10
"80","USR0000IEAG",2000-09-18,11.4,13.9,10
"81","USR0000IEAG",2000-09-19,10.7,17.8,4.4
"82","USR0000IEAG",2000-09-20,5.8,11.1,1.7
"83","USR0000IEAG",2000-09-21,0.3,5.6,-5
"84","USR0000IEAG",2000-09-22,-1.7,5.6,-6.1
"85","USR0000IEAG",2000-09-23,1.9,10.6,-6.7
"86","USR0000IEAG",2000-09-24,8.7,17.2,1.7
"87","USR0000IEAG",2000-09-25,10.7,18.9,4.4
"88","USR0000IEAG",2000-09-26,11.9,20,5.6
"89","USR0000IEAG",2000-09-27,15.2,22.8,9.4
"90","USR0000IEAG",2000-09-28,14.4,22.8,8.9
"91","USR0000IEAG",2000-09-29,9.5,13.3,7.2
"92","USR0000IEAG",2000-09-30,8,9.4,6.1
"93","USR0000IEAG",2000-10-01,6.4,8.9,2.2
"94","USR0000IEAG",2000-10-02,1.4,5.6,-0.6
"95","USR0000IEAG",2000-10-03,3.2,8.3,-0.6
"96","USR0000IEAG",2000-10-04,3.5,10.6,0
"97","USR0000IEAG",2000-10-05,3.4,10,-1.1
"98","USR0000IEAG",2000-10-06,5,13.3,0
"99","USR0000IEAG",2000-10-07,11.6,19.4,3.3
"100","USR0000IEAG",2000-10-08,13.8,21.7,8.3
"101","USR0000IEAG",2000-10-09,13.9,25,6.1
"102","USR0000IEAG",2000-10-10,5.8,8.9,2.8
"103","USR0000IEAG",2000-10-11,6.1,12.2,2.8
"104","USR0000IEAG",2000-10-12,4.3,9.4,1.7
"105","USR0000IEAG",2000-10-13,2.8,3.9,1.7
"106","USR0000IEAG",2000-10-14,2.8,5.6,0.6
"107","USR0000IEAG",2000-10-15,4.8,11.1,1.7
"108","USR0000IEAG",2000-10-16,4,7.2,2.8
"109","USR0000IEAG",2000-10-17,NA,NA,NA
"110","USR0000IEAG",2000-10-18,NA,NA,NA
"111","USR0000IEAG",2000-10-19,NA,NA,NA
"112","USR0000IEAG",2000-10-20,NA,NA,NA
"113","USR0000IEAG",2000-10-21,NA,NA,NA
"114","USR0000IEAG",2000-10-22,NA,NA,NA
"115","USR0000IEAG",2000-10-23,NA,NA,NA
"116","USR0000IEAG",2000-10-24,NA,NA,NA
"117","USR0000IEAG",2000-10-25,NA,NA,NA
"118","USR0000IEAG",2000-10-26,NA,NA,NA
"119","USR0000IEAG",2000-10-27,NA,NA,NA
"120","USR0000IEAG",2000-10-28,NA,NA,NA
"121","USR0000IEAG",2000-10-29,NA,NA,NA
"122","USR0000IEAG",2000-10-30,NA,NA,NA
"123","USR0000IEAG",2000-10-31,NA,NA,NA
"124","USR0000IEAG",2001-06-01,NA,NA,NA
"125","USR0000IEAG",2001-06-02,NA,NA,NA
"126","USR0000IEAG",2001-06-03,NA,NA,NA
"127","USR0000IEAG",2001-06-04,NA,NA,NA
"128","USR0000IEAG",2001-06-05,NA,NA,NA
"129","USR0000IEAG",2001-06-06,NA,NA,NA
"130","USR0000IEAG",2001-06-07,NA,NA,NA
"131","USR0000IEAG",2001-06-08,-35.6,-35.6,-35.6
"132","USR0000IEAG",2001-06-09,-35.6,-35.6,-35.6
"133","USR0000IEAG",2001-06-10,-35.6,-35.6,-35.6
"134","USR0000IEAG",2001-06-11,-35.6,-35.6,-35.6
"135","USR0000IEAG",2001-06-12,-35.6,-35.6,-35.6
"136","USR0000IEAG",2001-06-13,-35.6,-35.6,-35.6
"137","USR0000IEAG",2001-06-14,-35.6,-35.6,-35.6
"138","USR0000IEAG",2001-06-15,-35.6,-35.6,-35.6
"139","USR0000IEAG",2001-06-16,-35.6,-35.6,-35.6
"140","USR0000IEAG",2001-06-17,-5.6,13.9,-35.6
"141","USR0000IEAG",2001-06-18,8.6,16.1,1.7
"142","USR0000IEAG",2001-06-19,13.4,20.6,5
"143","USR0000IEAG",2001-06-20,17.4,25.6,8.9
"144","USR0000IEAG",2001-06-21,20.4,28.3,14.4
"145","USR0000IEAG",2001-06-22,17.8,24.4,12.8
"146","USR0000IEAG",2001-06-23,15.7,22.2,8.9
"147","USR0000IEAG",2001-06-24,9.4,17.8,3.3
"148","USR0000IEAG",2001-06-25,9,16.1,0.6
"149","USR0000IEAG",2001-06-26,13.6,20,6.1
"150","USR0000IEAG",2001-06-27,12.4,21.7,7.8
"151","USR0000IEAG",2001-06-28,12.2,19.4,8.3
"152","USR0000IEAG",2001-06-29,16.7,23.3,8.9
"153","USR0000IEAG",2001-06-30,19.8,26.1,12.8
"154","USR0000IEAG",2001-07-01,17.9,25,12.2
"155","USR0000IEAG",2001-07-02,19.2,26.1,11.1
"156","USR0000IEAG",2001-07-03,23.2,30.6,14.4
"157","USR0000IEAG",2001-07-04,24.9,31.1,15.6
"158","USR0000IEAG",2001-07-05,14.4,19.4,11.1
"159","USR0000IEAG",2001-07-06,14.2,18.9,9.4
"160","USR0000IEAG",2001-07-07,18.3,25.6,10.6
"161","USR0000IEAG",2001-07-08,20.6,27.2,15
"162","USR0000IEAG",2001-07-09,22.2,28.3,16.7
"163","USR0000IEAG",2001-07-10,22.3,28.9,17.8
"164","USR0000IEAG",2001-07-11,19.9,26.1,16.1
"165","USR0000IEAG",2001-07-12,18.7,26.7,11.7
"166","USR0000IEAG",2001-07-13,17.6,23.3,12.8
"167","USR0000IEAG",2001-07-14,18.3,25,12.2
"168","USR0000IEAG",2001-07-15,13.5,21.1,7.8
"169","USR0000IEAG",2001-07-16,7.2,9.4,5
"170","USR0000IEAG",2001-07-17,8.2,12.8,4.4
"171","USR0000IEAG",2001-07-18,10,15.6,5
"172","USR0000IEAG",2001-07-19,12.5,20,6.7
"173","USR0000IEAG",2001-07-20,14.7,22.8,8.9
"174","USR0000IEAG",2001-07-21,11.5,17.8,8.3
"175","USR0000IEAG",2001-07-22,13.1,20,7.8
"176","USR0000IEAG",2001-07-23,16.6,23.3,11.1
"177","USR0000IEAG",2001-07-24,17.2,25,12.2
"178","USR0000IEAG",2001-07-25,16.7,23.3,11.7
"179","USR0000IEAG",2001-07-26,18.1,24.4,12.2
"180","USR0000IEAG",2001-07-27,19.1,26.7,12.8
"181","USR0000IEAG",2001-07-28,10.8,15,6.7
"182","USR0000IEAG",2001-07-29,8.2,16.7,3.9
"183","USR0000IEAG",2001-07-30,7.5,10.6,5.6
"184","USR0000IEAG",2001-07-31,8.6,12.8,5
"185","USR0000IEAG",2001-08-01,16,23.9,8.9
"186","USR0000IEAG",2001-08-02,19.9,25.6,12.2
"187","USR0000IEAG",2001-08-03,20.2,27.8,12.2
"188","USR0000IEAG",2001-08-04,12.6,21.1,8.3
"189","USR0000IEAG",2001-08-05,17.3,26.1,8.9
"190","USR0000IEAG",2001-08-06,22.2,28.9,15.6
"191","USR0000IEAG",2001-08-07,21,27.8,16.1
"192","USR0000IEAG",2001-08-08,19.3,26.1,12.8
"193","USR0000IEAG",2001-08-09,18.6,26.7,10.6
"194","USR0000IEAG",2001-08-10,21.1,26.1,15.6
"195","USR0000IEAG",2001-08-11,22.1,28.3,17.2
"196","USR0000IEAG",2001-08-12,24.6,33.3,18.3
"197","USR0000IEAG",2001-08-13,22.7,28.3,18.9
"198","USR0000IEAG",2001-08-14,22.3,29.4,17.8
"199","USR0000IEAG",2001-08-15,22.6,30,16.7
"200","USR0000IEAG",2001-08-16,23.9,31.1,18.9
"201","USR0000IEAG",2001-08-17,23.6,32.8,17.2
"202","USR0000IEAG",2001-08-18,16.5,23.3,8.9
"203","USR0000IEAG",2001-08-19,12.8,19.4,6.7
"204","USR0000IEAG",2001-08-20,15.1,23.9,7.8
"205","USR0000IEAG",2001-08-21,15.6,23.9,8.9
"206","USR0000IEAG",2001-08-22,14.8,19.4,8.9
"207","USR0000IEAG",2001-08-23,11,18.9,6.7
"208","USR0000IEAG",2001-08-24,11,18.9,6.1
"209","USR0000IEAG",2001-08-25,16,23.3,8.3
"210","USR0000IEAG",2001-08-26,22,28.9,14.4
"211","USR0000IEAG",2001-08-27,20.7,27.2,15
"212","USR0000IEAG",2001-08-28,15.7,24.4,10.6
"213","USR0000IEAG",2001-08-29,20.7,65,10.6
"214","USR0000IEAG",2001-08-30,20.3,27.2,15
"215","USR0000IEAG",2001-08-31,17.3,23.9,13.3
"216","USR0000IEAG",2001-09-01,14.5,22.8,9.4
"217","USR0000IEAG",2001-09-02,14.9,23.9,7.8
"218","USR0000IEAG",2001-09-03,16.2,23.9,11.1
"219","USR0000IEAG",2001-09-04,18.2,28.9,12.8
"220","USR0000IEAG",2001-09-05,8.7,13.3,3.9
"221","USR0000IEAG",2001-09-06,7.6,15,1.1
"222","USR0000IEAG",2001-09-07,6.1,12.8,2.8
"223","USR0000IEAG",2001-09-08,9.9,17.8,2.8
"224","USR0000IEAG",2001-09-09,14.4,23.3,7.2
"225","USR0000IEAG",2001-09-10,16.2,26.1,9.4
"226","USR0000IEAG",2001-09-11,18,25,11.7
"227","USR0000IEAG",2001-09-12,21.3,27.8,16.1
"228","USR0000IEAG",2001-09-13,16.4,23.9,13.3
"229","USR0000IEAG",2001-09-14,17.6,25.6,12.2
"230","USR0000IEAG",2001-09-15,18.3,25.6,12.2
"231","USR0000IEAG",2001-09-16,14.9,23.3,10.6
"232","USR0000IEAG",2001-09-17,15.5,21.7,10.6
"233","USR0000IEAG",2001-09-18,13.6,23.3,7.8
"234","USR0000IEAG",2001-09-19,8.2,16.1,5
"235","USR0000IEAG",2001-09-20,12.7,21.1,5
"236","USR0000IEAG",2001-09-21,12.8,20.6,8.9
"237","USR0000IEAG",2001-09-22,15.8,23.9,8.9
"238","USR0000IEAG",2001-09-23,21.2,29.4,15
"239","USR0000IEAG",2001-09-24,22.1,30.6,17.8
"240","USR0000IEAG",2001-09-25,16.9,30,6.1
"241","USR0000IEAG",2001-09-26,9.4,15.6,5
"242","USR0000IEAG",2001-09-27,10.4,19.4,4.4
"243","USR0000IEAG",2001-09-28,5.9,7.8,2.8
"244","USR0000IEAG",2001-09-29,9.3,17.8,2.2
"245","USR0000IEAG",2001-09-30,16.6,26.1,8.9
"246","USR0000IEAG",2001-10-01,16.3,26.1,10
"247","USR0000IEAG",2001-10-02,11.6,19.4,6.7
"248","USR0000IEAG",2001-10-03,10,16.7,5.6
"249","USR0000IEAG",2001-10-04,5.3,12.2,0
"250","USR0000IEAG",2001-10-05,7.9,16.1,0
"251","USR0000IEAG",2001-10-06,7.6,16.7,1.1
"252","USR0000IEAG",2001-10-07,3.2,8.9,0
"253","USR0000IEAG",2001-10-08,1.1,3.3,-1.1
"254","USR0000IEAG",2001-10-09,-0.9,0,-2.2
"255","USR0000IEAG",2001-10-10,1.4,7.8,-2.8
"256","USR0000IEAG",2001-10-11,-0.4,0.6,-1.7
"257","USR0000IEAG",2001-10-12,-0.4,2.8,-1.7
"258","USR0000IEAG",2001-10-13,1.1,2.8,0
"259","USR0000IEAG",2001-10-14,1.4,5.6,0
"260","USR0000IEAG",2001-10-15,4.8,11.7,-0.6
"261","USR0000IEAG",2001-10-16,6.8,13.9,3.9
"262","USR0000IEAG",2001-10-17,NA,NA,NA
"263","USR0000IEAG",2001-10-18,NA,NA,NA
"264","USR0000IEAG",2001-10-19,NA,NA,NA
"265","USR0000IEAG",2001-10-20,NA,NA,NA
"266","USR0000IEAG",2001-10-21,NA,NA,NA
"267","USR0000IEAG",2001-10-22,NA,NA,NA
"268","USR0000IEAG",2001-10-23,NA,NA,NA
"269","USR0000IEAG",2001-10-24,NA,NA,NA
"270","USR0000IEAG",2001-10-25,NA,NA,NA
"271","USR0000IEAG",2001-10-26,NA,NA,NA
"272","USR0000IEAG",2001-10-27,NA,NA,NA
"273","USR0000IEAG",2001-10-28,NA,NA,NA
"274","USR0000IEAG",2001-10-29,NA,NA,NA
"275","USR0000IEAG",2001-10-30,NA,NA,NA
"276","USR0000IEAG",2001-10-31,NA,NA,NA
"277","USR0000IEAG",2002-07-01,NA,NA,NA
"278","USR0000IEAG",2002-07-02,NA,NA,NA
"279","USR0000IEAG",2002-07-03,NA,NA,NA
"280","USR0000IEAG",2002-07-04,NA,NA,NA
"281","USR0000IEAG",2002-07-05,NA,NA,NA
"282","USR0000IEAG",2002-07-06,NA,NA,NA
"283","USR0000IEAG",2002-07-07,NA,NA,NA
"284","USR0000IEAG",2002-07-08,NA,NA,NA
"285","USR0000IEAG",2002-07-09,NA,NA,NA
"286","USR0000IEAG",2002-07-10,NA,NA,NA
"287","USR0000IEAG",2002-07-11,NA,NA,NA
"288","USR0000IEAG",2002-07-12,NA,NA,NA
"289","USR0000IEAG",2002-07-13,NA,NA,NA
"290","USR0000IEAG",2002-07-14,NA,NA,NA
"291","USR0000IEAG",2002-07-15,NA,NA,NA
"292","USR0000IEAG",2002-07-16,NA,NA,NA
"293","USR0000IEAG",2002-07-17,NA,NA,NA
"294","USR0000IEAG",2002-07-18,NA,NA,NA
"295","USR0000IEAG",2002-07-19,NA,NA,NA
"296","USR0000IEAG",2002-07-20,NA,NA,NA
"297","USR0000IEAG",2002-07-21,NA,NA,NA
"298","USR0000IEAG",2002-07-22,NA,NA,NA
"299","USR0000IEAG",2002-07-23,NA,NA,NA
"300","USR0000IEAG",2002-07-24,NA,NA,NA
"301","USR0000IEAG",2002-07-25,NA,NA,NA
"302","USR0000IEAG",2002-07-26,NA,NA,NA
"303","USR0000IEAG",2002-07-27,NA,NA,NA
"304","USR0000IEAG",2002-07-28,16.4,22.2,11.7
"305","USR0000IEAG",2002-07-29,14.3,22.2,9.4
"306","USR0000IEAG",2002-07-30,16.9,25.6,11.7
"307","USR0000IEAG",2002-07-31,11.3,18.9,5.6
"308","USR0000IEAG",2002-08-01,15.6,23.3,6.7
"309","USR0000IEAG",2002-08-02,13.9,20,8.3
"310","USR0000IEAG",2002-08-03,16.4,25,7.8
"311","USR0000IEAG",2002-08-04,11.8,19.4,6.1
"312","USR0000IEAG",2002-08-05,9.9,16.7,3.3
"313","USR0000IEAG",2002-08-06,8.4,17.2,3.9
"314","USR0000IEAG",2002-08-07,9.4,14.4,5
"315","USR0000IEAG",2002-08-08,9.7,17.8,6.1
"316","USR0000IEAG",2002-08-09,15,23.3,7.2
"317","USR0000IEAG",2002-08-10,17.2,25.6,11.7
"318","USR0000IEAG",2002-08-11,15.2,22.8,10.6
"319","USR0000IEAG",2002-08-12,16.2,22.8,11.1
"320","USR0000IEAG",2002-08-13,18.5,26.1,11.1
"321","USR0000IEAG",2002-08-14,18.6,26.1,12.8
"322","USR0000IEAG",2002-08-15,18.2,26.1,12.8
"323","USR0000IEAG",2002-08-16,14.4,22.2,8.9
"324","USR0000IEAG",2002-08-17,15.4,23.3,8.3
"325","USR0000IEAG",2002-08-18,14.4,21.1,6.7
"326","USR0000IEAG",2002-08-19,16.3,23.9,11.1
"327","USR0000IEAG",2002-08-20,13.3,20.6,5.6
"328","USR0000IEAG",2002-08-21,8,14.4,3.9
"329","USR0000IEAG",2002-08-22,9.8,17.2,5
"330","USR0000IEAG",2002-08-23,15.4,24.4,7.2
"331","USR0000IEAG",2002-08-24,15.5,22.2,11.1
"332","USR0000IEAG",2002-08-25,15.5,22.8,10
"333","USR0000IEAG",2002-08-26,14.4,23.9,10.6
"334","USR0000IEAG",2002-08-27,14.7,22.2,9.4
"335","USR0000IEAG",2002-08-28,17.2,26.1,10.6
"336","USR0000IEAG",2002-08-29,15.8,22.2,12.2
"337","USR0000IEAG",2002-08-30,16.4,27.2,12.2
"338","USR0000IEAG",2002-08-31,16.3,25.6,11.7
"339","USR0000IEAG",2002-09-01,12.9,18.9,9.4
"340","USR0000IEAG",2002-09-02,15.3,25,7.2
"341","USR0000IEAG",2002-09-03,14.7,23.3,10.6
"342","USR0000IEAG",2002-09-04,13,20,8.9
"343","USR0000IEAG",2002-09-05,11.2,18.3,6.7
"344","USR0000IEAG",2002-09-06,9.7,18.3,6.1
"345","USR0000IEAG",2002-09-07,7.1,12.2,2.8
"346","USR0000IEAG",2002-09-08,7.3,16.7,1.7
"347","USR0000IEAG",2002-09-09,11.3,20,5
"348","USR0000IEAG",2002-09-10,17.4,26.7,11.1
"349","USR0000IEAG",2002-09-11,19.5,28.3,15
"350","USR0000IEAG",2002-09-12,20.2,27.2,15.6
"351","USR0000IEAG",2002-09-13,17.9,26.1,13.3
"352","USR0000IEAG",2002-09-14,21,31.1,13.3
"353","USR0000IEAG",2002-09-15,19.1,25.6,12.8
"354","USR0000IEAG",2002-09-16,11.1,18.9,5.6
"355","USR0000IEAG",2002-09-17,5.6,9.4,2.8
"356","USR0000IEAG",2002-09-18,6,11.1,2.8
"357","USR0000IEAG",2002-09-19,11.2,21.1,3.9
"358","USR0000IEAG",2002-09-20,7.9,17.2,2.8
"359","USR0000IEAG",2002-09-21,6.8,13.9,1.1
"360","USR0000IEAG",2002-09-22,10.9,19.4,3.9
"361","USR0000IEAG",2002-09-23,13.6,21.1,8.3
"362","USR0000IEAG",2002-09-24,11.9,20,7.2
"363","USR0000IEAG",2002-09-25,10.3,18.3,5.6
"364","USR0000IEAG",2002-09-26,8.9,14.4,5
"365","USR0000IEAG",2002-09-27,5.3,8.9,1.7
"366","USR0000IEAG",2002-09-28,8.2,16.1,1.7
"367","USR0000IEAG",2002-09-29,4,7.8,0
"368","USR0000IEAG",2002-09-30,0,4.4,-1.7
"369","USR0000IEAG",2002-10-01,1.1,5.6,-2.2
"370","USR0000IEAG",2002-10-02,3.7,10,-1.1
"371","USR0000IEAG",2002-10-03,2,3.3,0
"372","USR0000IEAG",2002-10-04,4,7.8,2.2
"373","USR0000IEAG",2002-10-05,3.7,5,1.7
"374","USR0000IEAG",2002-10-06,6.2,10.6,3.9
"375","USR0000IEAG",2002-10-07,5.7,8.3,4.4
"376","USR0000IEAG",2002-10-08,NA,NA,NA
"377","USR0000IEAG",2002-10-09,NA,NA,NA
"378","USR0000IEAG",2002-10-10,NA,NA,NA
"379","USR0000IEAG",2002-10-11,NA,NA,NA
"380","USR0000IEAG",2002-10-12,NA,NA,NA
"381","USR0000IEAG",2002-10-13,NA,NA,NA
"382","USR0000IEAG",2002-10-14,NA,NA,NA
"383","USR0000IEAG",2002-10-15,NA,NA,NA
"384","USR0000IEAG",2002-10-16,NA,NA,NA
"385","USR0000IEAG",2002-10-17,NA,NA,NA
"386","USR0000IEAG",2002-10-18,NA,NA,NA
"387","USR0000IEAG",2002-10-19,NA,NA,NA
"388","USR0000IEAG",2002-10-20,NA,NA,NA
"389","USR0000IEAG",2002-10-21,NA,NA,NA
"390","USR0000IEAG",2002-10-22,NA,NA,NA
"391","USR0000IEAG",2002-10-23,NA,NA,NA
"392","USR0000IEAG",2002-10-24,NA,NA,NA
"393","USR0000IEAG",2002-10-25,NA,NA,NA
"394","USR0000IEAG",2002-10-26,NA,NA,NA
"395","USR0000IEAG",2002-10-27,NA,NA,NA
"396","USR0000IEAG",2002-10-28,NA,NA,NA
"397","USR0000IEAG",2002-10-29,NA,NA,NA
"398","USR0000IEAG",2002-10-30,NA,NA,NA
"399","USR0000IEAG",2002-10-31,NA,NA,NA
"400","USR0000IEAG",2003-01-01,NA,NA,NA
"401","USR0000IEAG",2003-01-02,NA,NA,NA
"402","USR0000IEAG",2003-01-03,NA,NA,NA
"403","USR0000IEAG",2003-01-04,NA,NA,NA
"404","USR0000IEAG",2003-01-05,NA,NA,NA
"405","USR0000IEAG",2003-01-06,8.3,8.3,8.3
"406","USR0000IEAG",2003-01-07,NA,NA,NA
"407","USR0000IEAG",2003-01-08,NA,NA,NA
"408","USR0000IEAG",2003-01-09,NA,NA,NA
"409","USR0000IEAG",2003-01-10,NA,NA,NA
"410","USR0000IEAG",2003-01-11,NA,NA,NA
"411","USR0000IEAG",2003-01-12,NA,NA,NA
"412","USR0000IEAG",2003-01-13,NA,NA,NA
"413","USR0000IEAG",2003-01-14,NA,NA,NA
"414","USR0000IEAG",2003-01-15,NA,NA,NA
"415","USR0000IEAG",2003-01-16,NA,NA,NA
"416","USR0000IEAG",2003-01-17,NA,NA,NA
"417","USR0000IEAG",2003-01-18,NA,NA,NA
"418","USR0000IEAG",2003-01-19,NA,NA,NA
"419","USR0000IEAG",2003-01-20,NA,NA,NA
"420","USR0000IEAG",2003-01-21,NA,NA,NA
"421","USR0000IEAG",2003-01-22,NA,NA,NA
"422","USR0000IEAG",2003-01-23,NA,NA,NA
"423","USR0000IEAG",2003-01-24,NA,NA,NA
"424","USR0000IEAG",2003-01-25,NA,NA,NA
"425","USR0000IEAG",2003-01-26,NA,NA,NA
"426","USR0000IEAG",2003-01-27,NA,NA,NA
"427","USR0000IEAG",2003-01-28,NA,NA,NA
"428","USR0000IEAG",2003-01-29,NA,NA,NA
"429","USR0000IEAG",2003-01-30,NA,NA,NA
"430","USR0000IEAG",2003-01-31,NA,NA,NA
"431","USR0000IEAG",2003-06-01,NA,NA,NA
"432","USR0000IEAG",2003-06-02,NA,NA,NA
"433","USR0000IEAG",2003-06-03,NA,NA,NA
"434","USR0000IEAG",2003-06-04,NA,NA,NA
"435","USR0000IEAG",2003-06-05,NA,NA,NA
"436","USR0000IEAG",2003-06-06,NA,NA,NA
"437","USR0000IEAG",2003-06-07,NA,NA,NA
"438","USR0000IEAG",2003-06-08,NA,NA,NA
"439","USR0000IEAG",2003-06-09,NA,NA,NA
"440","USR0000IEAG",2003-06-10,NA,NA,NA
"441","USR0000IEAG",2003-06-11,NA,NA,NA
"442","USR0000IEAG",2003-06-12,NA,NA,NA
"443","USR0000IEAG",2003-06-13,NA,NA,NA
"444","USR0000IEAG",2003-06-14,NA,NA,NA
"445","USR0000IEAG",2003-06-15,NA,NA,NA
"446","USR0000IEAG",2003-06-16,NA,NA,NA
"447","USR0000IEAG",2003-06-17,NA,NA,NA
"448","USR0000IEAG",2003-06-18,NA,NA,NA
"449","USR0000IEAG",2003-06-19,NA,NA,NA
"450","USR0000IEAG",2003-06-20,NA,NA,NA
"451","USR0000IEAG",2003-06-21,NA,NA,NA
"452","USR0000IEAG",2003-06-22,NA,NA,NA
"453","USR0000IEAG",2003-06-23,NA,NA,NA
"454","USR0000IEAG",2003-06-24,NA,NA,NA
"455","USR0000IEAG",2003-06-25,NA,NA,NA
"456","USR0000IEAG",2003-06-26,NA,NA,NA
"457","USR0000IEAG",2003-06-27,17.2,22.8,12.8
"458","USR0000IEAG",2003-06-28,19.2,25.6,12.2
"459","USR0000IEAG",2003-06-29,22.1,32.2,15
"460","USR0000IEAG",2003-06-30,17.1,22.8,11.1
"461","USR0000IEAG",2003-07-01,15.4,23.9,7.8
"462","USR0000IEAG",2003-07-02,12.6,21.1,5.6
"463","USR0000IEAG",2003-07-03,14.5,22.2,8.3
"464","USR0000IEAG",2003-07-04,15.7,23.9,9.4
"465","USR0000IEAG",2003-07-05,14.5,20,9.4
"466","USR0000IEAG",2003-07-06,16.7,23.9,10.6
"467","USR0000IEAG",2003-07-07,19.2,26.1,12.2
"468","USR0000IEAG",2003-07-08,12.1,18.3,7.8
"469","USR0000IEAG",2003-07-09,17.3,25.6,8.9
"470","USR0000IEAG",2003-07-10,22.5,30.6,13.9
"471","USR0000IEAG",2003-07-11,23.8,29.4,18.9
"472","USR0000IEAG",2003-07-12,22.3,30.6,15
"473","USR0000IEAG",2003-07-13,13.6,18.9,9.4
"474","USR0000IEAG",2003-07-14,15.8,22.8,8.3
"475","USR0000IEAG",2003-07-15,22.1,31.1,13.9
"476","USR0000IEAG",2003-07-16,21.4,29.4,14.4
"477","USR0000IEAG",2003-07-17,21.6,29.4,14.4
"478","USR0000IEAG",2003-07-18,25.1,32.8,17.2
"479","USR0000IEAG",2003-07-19,25.7,32.8,19.4
"480","USR0000IEAG",2003-07-20,22.2,28.3,17.2
"481","USR0000IEAG",2003-07-21,22.7,30,15
"482","USR0000IEAG",2003-07-22,24.8,32.8,18.9
"483","USR0000IEAG",2003-07-23,25.4,32.2,19.4
"484","USR0000IEAG",2003-07-24,21.3,29.4,16.1
"485","USR0000IEAG",2003-07-25,20.1,27.2,15
"486","USR0000IEAG",2003-07-26,19.7,26.1,14.4
"487","USR0000IEAG",2003-07-27,21.7,30,13.3
"488","USR0000IEAG",2003-07-28,23.9,32.2,17.8
"489","USR0000IEAG",2003-07-29,25.1,32.2,18.3
"490","USR0000IEAG",2003-07-30,25.6,32.2,20
"491","USR0000IEAG",2003-07-31,23.7,31.7,18.3
"492","USR0000IEAG",2003-08-01,23.9,33.3,17.8
"493","USR0000IEAG",2003-08-02,19.9,27.2,13.9
"494","USR0000IEAG",2003-08-03,11.6,14.4,8.9
"495","USR0000IEAG",2003-08-04,16.4,24.4,8.3
"496","USR0000IEAG",2003-08-05,20.7,26.7,15.6
"497","USR0000IEAG",2003-08-06,19.2,26.7,13.3
"498","USR0000IEAG",2003-08-07,18.9,26.1,13.9
"499","USR0000IEAG",2003-08-08,21.9,31.1,13.9
"500","USR0000IEAG",2003-08-09,23.3,32.2,15
"501","USR0000IEAG",2003-08-10,22.4,31.7,15.6
"502","USR0000IEAG",2003-08-11,18.2,25.6,12.8
"503","USR0000IEAG",2003-08-12,16.9,26.1,11.7
"504","USR0000IEAG",2003-08-13,19.3,28.3,13.3
"505","USR0000IEAG",2003-08-14,22.9,31.1,16.1
"506","USR0000IEAG",2003-08-15,26.1,37.2,20
"507","USR0000IEAG",2003-08-16,16.1,23.9,11.1
"508","USR0000IEAG",2003-08-17,16.7,24.4,10.6
"509","USR0000IEAG",2003-08-18,20.5,29.4,14.4
"510","USR0000IEAG",2003-08-19,21.4,32.2,15
"511","USR0000IEAG",2003-08-20,17.6,26.1,10.6
"512","USR0000IEAG",2003-08-21,21.4,30,13.9
"513","USR0000IEAG",2003-08-22,14.1,18.9,10.6
"514","USR0000IEAG",2003-08-23,12.7,18.9,9.4
"515","USR0000IEAG",2003-08-24,16.4,23.9,11.1
"516","USR0000IEAG",2003-08-25,20.1,27.8,11.1
"517","USR0000IEAG",2003-08-26,21,27.2,15.6
"518","USR0000IEAG",2003-08-27,15.1,22.2,8.9
"519","USR0000IEAG",2003-08-28,15.1,23.3,8.9
"520","USR0000IEAG",2003-08-29,16.2,25,8.3
"521","USR0000IEAG",2003-08-30,18.7,26.7,11.7
"522","USR0000IEAG",2003-08-31,19.8,26.7,15
"523","USR0000IEAG",2003-09-01,20.1,28.3,13.9
"524","USR0000IEAG",2003-09-02,21.8,30,15.6
"525","USR0000IEAG",2003-09-03,23.1,31.1,15.6
"526","USR0000IEAG",2003-09-04,23.7,31.7,18.9
"527","USR0000IEAG",2003-09-05,20.9,28.3,16.7
"528","USR0000IEAG",2003-09-06,21.4,29.4,16.1
"529","USR0000IEAG",2003-09-07,16,21.7,9.4
"530","USR0000IEAG",2003-09-08,4.2,8.3,1.7
"531","USR0000IEAG",2003-09-09,6.2,15,1.7
"532","USR0000IEAG",2003-09-10,6.4,12.2,3.3
"533","USR0000IEAG",2003-09-11,7.9,9.4,5.6
"534","USR0000IEAG",2003-09-12,5.9,10.6,3.3
"535","USR0000IEAG",2003-09-13,7.7,16.1,1.1
"536","USR0000IEAG",2003-09-14,11.1,18.9,4.4
"537","USR0000IEAG",2003-09-15,10.6,18.3,5
"538","USR0000IEAG",2003-09-16,2.3,5,0
"539","USR0000IEAG",2003-09-17,1.4,6.1,0
"540","USR0000IEAG",2003-09-18,6.8,15.6,0
"541","USR0000IEAG",2003-09-19,11.6,19.4,6.1
"542","USR0000IEAG",2003-09-20,8.7,15.6,3.3
"543","USR0000IEAG",2003-09-21,9.6,17.8,4.4
"544","USR0000IEAG",2003-09-22,12.7,22.2,6.7
"545","USR0000IEAG",2003-09-23,12,19.4,7.8
"546","USR0000IEAG",2003-09-24,13.9,22.2,7.8
"547","USR0000IEAG",2003-09-25,14.3,22.8,8.9
"548","USR0000IEAG",2003-09-26,15.2,22.2,10
"549","USR0000IEAG",2003-09-27,16.7,23.9,11.7
"550","USR0000IEAG",2003-09-28,16.2,24.4,10.6
"551","USR0000IEAG",2003-09-29,11.7,19.4,6.7
"552","USR0000IEAG",2003-09-30,14.9,25,5.6
"553","USR0000IEAG",2003-10-01,17.8,25.6,13.9
"554","USR0000IEAG",2003-10-02,15.3,23.3,10.6
"555","USR0000IEAG",2003-10-03,16.2,24.4,10
"556","USR0000IEAG",2003-10-04,18.8,25.6,13.9
"557","USR0000IEAG",2003-10-05,17.8,24.4,12.8
"558","USR0000IEAG",2003-10-06,16,23.9,11.1
"559","USR0000IEAG",2003-10-07,8.1,13.9,4.4
"560","USR0000IEAG",2003-10-08,8.8,18.3,2.2
"561","USR0000IEAG",2003-10-09,2.4,8.9,0
"562","USR0000IEAG",2003-10-10,0.2,2.8,-1.1
"563","USR0000IEAG",2003-10-11,2.6,10,-1.1
"564","USR0000IEAG",2003-10-12,1.1,3.9,0
"565","USR0000IEAG",2003-10-13,0.9,3.9,0
"566","USR0000IEAG",2003-10-14,1.6,3.9,0
"567","USR0000IEAG",2003-10-15,0.6,3.9,0
"568","USR0000IEAG",2003-10-16,2.8,7.2,-1.1
"569","USR0000IEAG",2003-10-17,7.1,11.1,5.6
"570","USR0000IEAG",2003-10-18,NA,NA,NA
"571","USR0000IEAG",2003-10-19,NA,NA,NA
"572","USR0000IEAG",2003-10-20,NA,NA,NA
"573","USR0000IEAG",2003-10-21,NA,NA,NA
"574","USR0000IEAG",2003-10-22,NA,NA,NA
"575","USR0000IEAG",2003-10-23,NA,NA,NA
"576","USR0000IEAG",2003-10-24,NA,NA,NA
"577","USR0000IEAG",2003-10-25,NA,NA,NA
"578","USR0000IEAG",2003-10-26,NA,NA,NA
"579","USR0000IEAG",2003-10-27,NA,NA,NA
"580","USR0000IEAG",2003-10-28,NA,NA,NA
"581","USR0000IEAG",2003-10-29,NA,NA,NA
"582","USR0000IEAG",2003-10-30,NA,NA,NA
"583","USR0000IEAG",2003-10-31,NA,NA,NA
"584","USR0000IEAG",2004-01-01,NA,NA,NA
"585","USR0000IEAG",2004-01-02,NA,NA,NA
"586","USR0000IEAG",2004-01-03,NA,NA,NA
"587","USR0000IEAG",2004-01-04,NA,NA,NA
"588","USR0000IEAG",2004-01-05,NA,NA,NA
"589","USR0000IEAG",2004-01-06,8.3,8.3,8.3
"590","USR0000IEAG",2004-01-07,NA,NA,NA
"591","USR0000IEAG",2004-01-08,NA,NA,NA
"592","USR0000IEAG",2004-01-09,NA,NA,NA
"593","USR0000IEAG",2004-01-10,NA,NA,NA
"594","USR0000IEAG",2004-01-11,NA,NA,NA
"595","USR0000IEAG",2004-01-12,NA,NA,NA
"596","USR0000IEAG",2004-01-13,NA,NA,NA
"597","USR0000IEAG",2004-01-14,NA,NA,NA
"598","USR0000IEAG",2004-01-15,NA,NA,NA
"599","USR0000IEAG",2004-01-16,NA,NA,NA
"600","USR0000IEAG",2004-01-17,NA,NA,NA
"601","USR0000IEAG",2004-01-18,NA,NA,NA
"602","USR0000IEAG",2004-01-19,NA,NA,NA
"603","USR0000IEAG",2004-01-20,NA,NA,NA
"604","USR0000IEAG",2004-01-21,NA,NA,NA
"605","USR0000IEAG",2004-01-22,NA,NA,NA
"606","USR0000IEAG",2004-01-23,NA,NA,NA
"607","USR0000IEAG",2004-01-24,NA,NA,NA
"608","USR0000IEAG",2004-01-25,NA,NA,NA
"609","USR0000IEAG",2004-01-26,NA,NA,NA
"610","USR0000IEAG",2004-01-27,NA,NA,NA
"611","USR0000IEAG",2004-01-28,NA,NA,NA
"612","USR0000IEAG",2004-01-29,NA,NA,NA
"613","USR0000IEAG",2004-01-30,NA,NA,NA
"614","USR0000IEAG",2004-01-31,NA,NA,NA
"615","USR0000IEAG",2004-06-01,NA,NA,NA
"616","USR0000IEAG",2004-06-02,NA,NA,NA
"617","USR0000IEAG",2004-06-03,NA,NA,NA
"618","USR0000IEAG",2004-06-04,NA,NA,NA
"619","USR0000IEAG",2004-06-05,NA,NA,NA
"620","USR0000IEAG",2004-06-06,NA,NA,NA
"621","USR0000IEAG",2004-06-07,NA,NA,NA
"622","USR0000IEAG",2004-06-08,NA,NA,NA
"623","USR0000IEAG",2004-06-09,NA,NA,NA
"624","USR0000IEAG",2004-06-10,NA,NA,NA
"625","USR0000IEAG",2004-06-11,NA,NA,NA
"626","USR0000IEAG",2004-06-12,NA,NA,NA
"627","USR0000IEAG",2004-06-13,NA,NA,NA
"628","USR0000IEAG",2004-06-14,NA,NA,NA
"629","USR0000IEAG",2004-06-15,NA,NA,NA
"630","USR0000IEAG",2004-06-16,NA,NA,NA
"631","USR0000IEAG",2004-06-17,NA,NA,NA
"632","USR0000IEAG",2004-06-18,NA,NA,NA
"633","USR0000IEAG",2004-06-19,NA,NA,NA
"634","USR0000IEAG",2004-06-20,NA,NA,NA
"635","USR0000IEAG",2004-06-21,NA,NA,NA
"636","USR0000IEAG",2004-06-22,NA,NA,NA
"637","USR0000IEAG",2004-06-23,22.7,28.9,16.7
"638","USR0000IEAG",2004-06-24,22.1,30.6,11.1
"639","USR0000IEAG",2004-06-25,17.1,27.2,11.1
"640","USR0000IEAG",2004-06-26,18,25.6,12.2
"641","USR0000IEAG",2004-06-27,17.2,25.6,10.6
"642","USR0000IEAG",2004-06-28,16.8,27.2,10.6
"643","USR0000IEAG",2004-06-29,18.5,25.6,12.2
"644","USR0000IEAG",2004-06-30,18.3,25,10.6
"645","USR0000IEAG",2004-07-01,15.6,22.8,10
"646","USR0000IEAG",2004-07-02,17.6,24.4,11.7
"647","USR0000IEAG",2004-07-03,13.6,20,10.6
"648","USR0000IEAG",2004-07-04,12.7,21.7,7.2
"649","USR0000IEAG",2004-07-05,15.4,22.2,8.3
"650","USR0000IEAG",2004-07-06,16.5,23.9,11.7
"651","USR0000IEAG",2004-07-07,9.4,13.9,4.4
"652","USR0000IEAG",2004-07-08,9.2,17.2,2.8
"653","USR0000IEAG",2004-07-09,16.7,25,7.8
"654","USR0000IEAG",2004-07-10,14.2,22.8,6.1
"655","USR0000IEAG",2004-07-11,11.2,20.6,5.6
"656","USR0000IEAG",2004-07-12,17.8,26.7,7.8
"657","USR0000IEAG",2004-07-13,22.1,31.1,16.1
"658","USR0000IEAG",2004-07-14,24.7,31.1,16.1
"659","USR0000IEAG",2004-07-15,23.4,30.6,17.2
"660","USR0000IEAG",2004-07-16,23.6,31.1,15.6
"661","USR0000IEAG",2004-07-17,25.2,32.8,20
"662","USR0000IEAG",2004-07-18,20.2,30.6,15
"663","USR0000IEAG",2004-07-19,17.2,25.6,11.1
"664","USR0000IEAG",2004-07-20,14.1,20.6,10.6
"665","USR0000IEAG",2004-07-21,15.5,22.2,10
"666","USR0000IEAG",2004-07-22,19.5,26.1,11.7
"667","USR0000IEAG",2004-07-23,NA,NA,NA
"668","USR0000IEAG",2004-07-24,25.2,31.1,19.4
"669","USR0000IEAG",2004-07-25,24,30.6,17.2
"670","USR0000IEAG",2004-07-26,19.5,27.8,13.9
"671","USR0000IEAG",2004-07-27,18,25.6,12.8
"672","USR0000IEAG",2004-07-28,19.2,26.1,12.8
"673","USR0000IEAG",2004-07-29,20.4,27.8,13.9
"674","USR0000IEAG",2004-07-30,20.1,27.8,15
"675","USR0000IEAG",2004-07-31,20,28.3,13.9
"676","USR0000IEAG",2004-08-01,23.1,31.7,16.1
"677","USR0000IEAG",2004-08-02,20.6,31.7,10.6
"678","USR0000IEAG",2004-08-03,16.3,23.3,11.7
"679","USR0000IEAG",2004-08-04,18.2,26.7,11.7
"680","USR0000IEAG",2004-08-05,16,21.1,11.7
"681","USR0000IEAG",2004-08-06,13.4,22.8,7.8
"682","USR0000IEAG",2004-08-07,9.2,16.7,5
"683","USR0000IEAG",2004-08-08,14.5,21.7,5.6
"684","USR0000IEAG",2004-08-09,18.2,27.2,10.6
"685","USR0000IEAG",2004-08-10,19.1,26.1,12.8
"686","USR0000IEAG",2004-08-11,20.7,29.4,13.9
"687","USR0000IEAG",2004-08-12,22.3,30,15.6
"688","USR0000IEAG",2004-08-13,23.6,31.1,17.2
"689","USR0000IEAG",2004-08-14,24.4,33.9,17.8
"690","USR0000IEAG",2004-08-15,21.6,29.4,16.1
"691","USR0000IEAG",2004-08-16,21.8,30,17.8
"692","USR0000IEAG",2004-08-17,19.2,27.2,13.9
"693","USR0000IEAG",2004-08-18,16.8,23.9,12.8
"694","USR0000IEAG",2004-08-19,18.2,27.2,13.3
"695","USR0000IEAG",2004-08-20,19.8,27.2,13.9
"696","USR0000IEAG",2004-08-21,19.2,29.4,12.8
"697","USR0000IEAG",2004-08-22,9.3,13.3,6.1
"698","USR0000IEAG",2004-08-23,6.7,9.4,5
"699","USR0000IEAG",2004-08-24,7.2,10,5.6
"700","USR0000IEAG",2004-08-25,6.3,9.4,5
"701","USR0000IEAG",2004-08-26,6.6,10,5
"702","USR0000IEAG",2004-08-27,8.9,13.9,5.6
"703","USR0000IEAG",2004-08-28,10.7,16.7,6.1
"704","USR0000IEAG",2004-08-29,13.3,21.1,8.3
"705","USR0000IEAG",2004-08-30,17.6,25.6,10.6
"706","USR0000IEAG",2004-08-31,20.9,30,15
"707","USR0000IEAG",2004-09-01,12.9,21.7,3.3
"708","USR0000IEAG",2004-09-02,4.1,8.9,1.7
"709","USR0000IEAG",2004-09-03,4.8,8.3,1.1
"710","USR0000IEAG",2004-09-04,9,15,3.9
"711","USR0000IEAG",2004-09-05,7.5,15.6,3.3
"712","USR0000IEAG",2004-09-06,12,19.4,5
"713","USR0000IEAG",2004-09-07,13.6,20,8.3
"714","USR0000IEAG",2004-09-08,14.2,21.1,10
"715","USR0000IEAG",2004-09-09,9.8,13.9,7.8
"716","USR0000IEAG",2004-09-10,12.5,20.6,6.1
"717","USR0000IEAG",2004-09-11,10.7,13.3,6.7
"718","USR0000IEAG",2004-09-12,6,8.9,3.9
"719","USR0000IEAG",2004-09-13,6.1,12.8,2.8
"720","USR0000IEAG",2004-09-14,3.7,6.1,2.2
"721","USR0000IEAG",2004-09-15,4.6,7.8,1.7
"722","USR0000IEAG",2004-09-16,6.6,10.6,3.9
"723","USR0000IEAG",2004-09-17,6.6,10,4.4
"724","USR0000IEAG",2004-09-18,3.3,5,1.7
"725","USR0000IEAG",2004-09-19,3.8,11.7,0.6
"726","USR0000IEAG",2004-09-20,2.7,6.7,1.1
"727","USR0000IEAG",2004-09-21,3.4,7.8,0.6
"728","USR0000IEAG",2004-09-22,7.6,13.9,1.1
"729","USR0000IEAG",2004-09-23,8.3,11.1,6.1
"730","USR0000IEAG",2004-09-24,12.1,20.6,5
"731","USR0000IEAG",2004-09-25,15.9,23.3,10
"732","USR0000IEAG",2004-09-26,16.6,23.3,11.7
"733","USR0000IEAG",2004-09-27,16.1,24.4,10.6
"734","USR0000IEAG",2004-09-28,16.2,23.3,11.7
"735","USR0000IEAG",2004-09-29,13.8,20.6,9.4
"736","USR0000IEAG",2004-09-30,10.9,18.3,5
"737","USR0000IEAG",2004-10-01,8.9,17.2,2.2
"738","USR0000IEAG",2004-10-02,11.1,18.3,6.1
"739","USR0000IEAG",2004-10-03,12.3,20,7.2
"740","USR0000IEAG",2004-10-04,12.3,19.4,7.8
"741","USR0000IEAG",2004-10-05,11.9,20,6.7
"742","USR0000IEAG",2004-10-06,9.9,16.7,6.7
"743","USR0000IEAG",2004-10-07,7.3,14.4,2.8
"744","USR0000IEAG",2004-10-08,14.1,23.9,6.7
"745","USR0000IEAG",2004-10-09,2.3,7.2,0.6
"746","USR0000IEAG",2004-10-10,3.1,7.8,0
"747","USR0000IEAG",2004-10-11,6.2,12.8,1.7
"748","USR0000IEAG",2004-10-12,5.5,11.1,3.3
"749","USR0000IEAG",2004-10-13,NA,NA,NA
"750","USR0000IEAG",2004-10-14,NA,NA,NA
"751","USR0000IEAG",2004-10-15,NA,NA,NA
"752","USR0000IEAG",2004-10-16,NA,NA,NA
"753","USR0000IEAG",2004-10-17,NA,NA,NA
"754","USR0000IEAG",2004-10-18,NA,NA,NA
"755","USR0000IEAG",2004-10-19,NA,NA,NA
"756","USR0000IEAG",2004-10-20,NA,NA,NA
"757","USR0000IEAG",2004-10-21,NA,NA,NA
"758","USR0000IEAG",2004-10-22,NA,NA,NA
"759","USR0000IEAG",2004-10-23,NA,NA,NA
"760","USR0000IEAG",2004-10-24,NA,NA,NA
"761","USR0000IEAG",2004-10-25,NA,NA,NA
"762","USR0000IEAG",2004-10-26,NA,NA,NA
"763","USR0000IEAG",2004-10-27,NA,NA,NA
"764","USR0000IEAG",2004-10-28,NA,NA,NA
"765","USR0000IEAG",2004-10-29,NA,NA,NA
"766","USR0000IEAG",2004-10-30,NA,NA,NA
"767","USR0000IEAG",2004-10-31,NA,NA,NA
"768","USR0000IEAG",2005-07-01,NA,NA,NA
"769","USR0000IEAG",2005-07-02,NA,NA,NA
"770","USR0000IEAG",2005-07-03,NA,NA,NA
"771","USR0000IEAG",2005-07-04,NA,NA,NA
"772","USR0000IEAG",2005-07-05,NA,NA,NA
"773","USR0000IEAG",2005-07-06,NA,NA,NA
"774","USR0000IEAG",2005-07-07,NA,NA,NA
"775","USR0000IEAG",2005-07-08,NA,NA,NA
"776","USR0000IEAG",2005-07-09,NA,NA,NA
"777","USR0000IEAG",2005-07-10,NA,NA,NA
"778","USR0000IEAG",2005-07-11,NA,NA,NA
"779","USR0000IEAG",2005-07-12,NA,NA,NA
"780","USR0000IEAG",2005-07-13,NA,NA,NA
"781","USR0000IEAG",2005-07-14,NA,NA,NA
"782","USR0000IEAG",2005-07-15,NA,NA,NA
"783","USR0000IEAG",2005-07-16,NA,NA,NA
"784","USR0000IEAG",2005-07-17,NA,NA,NA
"785","USR0000IEAG",2005-07-18,NA,NA,NA
"786","USR0000IEAG",2005-07-19,NA,NA,NA
"787","USR0000IEAG",2005-07-20,NA,NA,NA
"788","USR0000IEAG",2005-07-21,NA,NA,NA
"789","USR0000IEAG",2005-07-22,NA,NA,NA
"790","USR0000IEAG",2005-07-23,17.7,23.9,13.9
"791","USR0000IEAG",2005-07-24,18.7,25.6,12.8
"792","USR0000IEAG",2005-07-25,16.4,23.3,10
"793","USR0000IEAG",2005-07-26,18.3,26.1,11.7
"794","USR0000IEAG",2005-07-27,21.4,28.9,14.4
"795","USR0000IEAG",2005-07-28,23.6,31.7,17.8
"796","USR0000IEAG",2005-07-29,22,28.3,17.2
"797","USR0000IEAG",2005-07-30,23.1,31.1,15.6
"798","USR0000IEAG",2005-07-31,24,32.2,18.9
"799","USR0000IEAG",2005-08-01,19.7,27.8,13.9
"800","USR0000IEAG",2005-08-02,16.6,23.3,11.7
"801","USR0000IEAG",2005-08-03,18.7,26.7,11.1
"802","USR0000IEAG",2005-08-04,22,28.9,14.4
"803","USR0000IEAG",2005-08-05,24.2,31.7,16.7
"804","USR0000IEAG",2005-08-06,24,31.7,17.8
"805","USR0000IEAG",2005-08-07,22.6,30.6,17.2
"806","USR0000IEAG",2005-08-08,21.9,29.4,16.7
"807","USR0000IEAG",2005-08-09,22.1,30,17.2
"808","USR0000IEAG",2005-08-10,20.2,26.7,14.4
"809","USR0000IEAG",2005-08-11,18.6,27.2,12.8
"810","USR0000IEAG",2005-08-12,14.9,25.6,6.1
"811","USR0000IEAG",2005-08-13,12.8,21.7,3.9
"812","USR0000IEAG",2005-08-14,17.2,25,9.4
"813","USR0000IEAG",2005-08-15,20.7,27.8,13.9
"814","USR0000IEAG",2005-08-16,20.8,27.8,15.6
"815","USR0000IEAG",2005-08-17,11,16.1,7.2
"816","USR0000IEAG",2005-08-18,11.3,18.9,7.8
"817","USR0000IEAG",2005-08-19,15.4,23.3,8.3
"818","USR0000IEAG",2005-08-20,20.4,28.3,12.2
"819","USR0000IEAG",2005-08-21,25.4,33.3,18.9
"820","USR0000IEAG",2005-08-22,18.6,25,13.9
"821","USR0000IEAG",2005-08-23,11.9,18.9,5.6
"822","USR0000IEAG",2005-08-24,10.7,17.8,5
"823","USR0000IEAG",2005-08-25,15.2,22.2,7.8
"824","USR0000IEAG",2005-08-26,18.1,25.6,11.1
"825","USR0000IEAG",2005-08-27,19.4,27.2,13.3
"826","USR0000IEAG",2005-08-28,21.8,30.6,13.9
"827","USR0000IEAG",2005-08-29,11.4,17.8,5.6
"828","USR0000IEAG",2005-08-30,7.3,12.8,3.3
"829","USR0000IEAG",2005-08-31,12.3,20.6,5.6
"830","USR0000IEAG",2005-09-01,16.1,23.3,8.9
"831","USR0000IEAG",2005-09-02,19.1,28.9,13.3
"832","USR0000IEAG",2005-09-03,14.7,21.7,10.6
"833","USR0000IEAG",2005-09-04,11.7,18.9,6.1
"834","USR0000IEAG",2005-09-05,11.7,19.4,5
"835","USR0000IEAG",2005-09-06,15.7,22.8,8.9
"836","USR0000IEAG",2005-09-07,17.7,24.4,12.2
"837","USR0000IEAG",2005-09-08,17.9,26.7,12.2
"838","USR0000IEAG",2005-09-09,7.7,13.9,2.8
"839","USR0000IEAG",2005-09-10,3.2,9.4,0.6
"840","USR0000IEAG",2005-09-11,5.7,14.4,0.6
"841","USR0000IEAG",2005-09-12,5.6,8.9,3.9
"842","USR0000IEAG",2005-09-13,7.6,15,2.8
"843","USR0000IEAG",2005-09-14,11.3,19.4,5
"844","USR0000IEAG",2005-09-15,12.3,20,6.7
"845","USR0000IEAG",2005-09-16,10.1,16.7,5
"846","USR0000IEAG",2005-09-17,4.9,7.2,2.2
"847","USR0000IEAG",2005-09-18,8.2,15,3.3
"848","USR0000IEAG",2005-09-19,12.7,22.8,5.6
"849","USR0000IEAG",2005-09-20,11.4,21.7,5
"850","USR0000IEAG",2005-09-21,9.7,17.2,3.9
"851","USR0000IEAG",2005-09-22,8.4,16.7,3.3
"852","USR0000IEAG",2005-09-23,3.6,8.3,0
"853","USR0000IEAG",2005-09-24,2.4,6.1,0
"854","USR0000IEAG",2005-09-25,6.7,15.6,0
"855","USR0000IEAG",2005-09-26,12,20.6,4.4
"856","USR0000IEAG",2005-09-27,11,19.4,6.1
"857","USR0000IEAG",2005-09-28,11.2,18.9,5
"858","USR0000IEAG",2005-09-29,9.6,12.2,7.8
"859","USR0000IEAG",2005-09-30,9.5,10.6,8.3
"860","USR0000IEAG",2005-10-01,1.7,7.8,-0.6
"861","USR0000IEAG",2005-10-02,1.9,10,0
"862","USR0000IEAG",2005-10-03,1.5,5,0
"863","USR0000IEAG",2005-10-04,0.6,3.3,-0.6
"864","USR0000IEAG",2005-10-05,3.3,11.1,-1.1
"865","USR0000IEAG",2005-10-06,3.3,7.8,1.1
"866","USR0000IEAG",2005-10-07,NA,NA,NA
"867","USR0000IEAG",2005-10-08,NA,NA,NA
"868","USR0000IEAG",2005-10-09,NA,NA,NA
"869","USR0000IEAG",2005-10-10,NA,NA,NA
"870","USR0000IEAG",2005-10-11,NA,NA,NA
"871","USR0000IEAG",2005-10-12,NA,NA,NA
"872","USR0000IEAG",2005-10-13,NA,NA,NA
"873","USR0000IEAG",2005-10-14,NA,NA,NA
"874","USR0000IEAG",2005-10-15,NA,NA,NA
"875","USR0000IEAG",2005-10-16,NA,NA,NA
"876","USR0000IEAG",2005-10-17,NA,NA,NA
"877","USR0000IEAG",2005-10-18,NA,NA,NA
"878","USR0000IEAG",2005-10-19,NA,NA,NA
"879","USR0000IEAG",2005-10-20,NA,NA,NA
"880","USR0000IEAG",2005-10-21,NA,NA,NA
"881","USR0000IEAG",2005-10-22,NA,NA,NA
"882","USR0000IEAG",2005-10-23,NA,NA,NA
"883","USR0000IEAG",2005-10-24,NA,NA,NA
"884","USR0000IEAG",2005-10-25,NA,NA,NA
"885","USR0000IEAG",2005-10-26,NA,NA,NA
"886","USR0000IEAG",2005-10-27,NA,NA,NA
"887","USR0000IEAG",2005-10-28,NA,NA,NA
"888","USR0000IEAG",2005-10-29,NA,NA,NA
"889","USR0000IEAG",2005-10-30,NA,NA,NA
"890","USR0000IEAG",2005-10-31,NA,NA,NA
"891","USR0000IEAG",2006-06-01,NA,NA,NA
"892","USR0000IEAG",2006-06-02,NA,NA,NA
"893","USR0000IEAG",2006-06-03,NA,NA,NA
"894","USR0000IEAG",2006-06-04,NA,NA,NA
"895","USR0000IEAG",2006-06-05,NA,NA,NA
"896","USR0000IEAG",2006-06-06,NA,NA,NA
"897","USR0000IEAG",2006-06-07,NA,NA,NA
"898","USR0000IEAG",2006-06-08,NA,NA,NA
"899","USR0000IEAG",2006-06-09,NA,NA,NA
"900","USR0000IEAG",2006-06-10,NA,NA,NA
"901","USR0000IEAG",2006-06-11,NA,NA,NA
"902","USR0000IEAG",2006-06-12,NA,NA,NA
"903","USR0000IEAG",2006-06-13,NA,NA,NA
"904","USR0000IEAG",2006-06-14,NA,NA,NA
"905","USR0000IEAG",2006-06-15,NA,NA,NA
"906","USR0000IEAG",2006-06-16,NA,NA,NA
"907","USR0000IEAG",2006-06-17,NA,NA,NA
"908","USR0000IEAG",2006-06-18,NA,NA,NA
"909","USR0000IEAG",2006-06-19,NA,NA,NA
"910","USR0000IEAG",2006-06-20,NA,NA,NA
"911","USR0000IEAG",2006-06-21,NA,NA,NA
"912","USR0000IEAG",2006-06-22,NA,NA,NA
"913","USR0000IEAG",2006-06-23,NA,NA,NA
"914","USR0000IEAG",2006-06-24,NA,NA,NA
"915","USR0000IEAG",2006-06-25,NA,NA,NA
"916","USR0000IEAG",2006-06-26,NA,NA,NA
"917","USR0000IEAG",2006-06-27,24.9,30.6,20
"918","USR0000IEAG",2006-06-28,21,26.1,15.6
"919","USR0000IEAG",2006-06-29,14.4,21.1,10.6
"920","USR0000IEAG",2006-06-30,16.1,25,10
"921","USR0000IEAG",2006-07-01,21.1,27.8,15
"922","USR0000IEAG",2006-07-02,22.6,28.3,16.1
"923","USR0000IEAG",2006-07-03,20.4,28.3,15
"924","USR0000IEAG",2006-07-04,23.1,31.1,16.1
"925","USR0000IEAG",2006-07-05,19.3,26.7,12.8
"926","USR0000IEAG",2006-07-06,17.6,26.7,10.6
"927","USR0000IEAG",2006-07-07,15.3,22.2,9.4
"928","USR0000IEAG",2006-07-08,20.3,27.2,11.7
"929","USR0000IEAG",2006-07-09,22.2,29.4,15
"930","USR0000IEAG",2006-07-10,18.4,25.6,12.2
"931","USR0000IEAG",2006-07-11,20.3,28.3,11.7
"932","USR0000IEAG",2006-07-12,15.3,22.2,10
"933","USR0000IEAG",2006-07-13,15.2,22.8,7.8
"934","USR0000IEAG",2006-07-14,20.3,27.2,13.9
"935","USR0000IEAG",2006-07-15,19.9,27.2,14.4
"936","USR0000IEAG",2006-07-16,20.4,27.8,13.9
"937","USR0000IEAG",2006-07-17,20.4,26.7,13.3
"938","USR0000IEAG",2006-07-18,16.1,24.4,9.4
"939","USR0000IEAG",2006-07-19,19.3,27.8,10.6
"940","USR0000IEAG",2006-07-20,21.9,28.9,15.6
"941","USR0000IEAG",2006-07-21,25.3,33.3,18.9
"942","USR0000IEAG",2006-07-22,26.7,34.4,20.6
"943","USR0000IEAG",2006-07-23,26.5,32.8,21.1
"944","USR0000IEAG",2006-07-24,25.3,32.2,20.6
"945","USR0000IEAG",2006-07-25,23.1,29.4,17.8
"946","USR0000IEAG",2006-07-26,22.3,29.4,17.2
"947","USR0000IEAG",2006-07-27,22.9,30,17.2
"948","USR0000IEAG",2006-07-28,21.9,29.4,16.7
"949","USR0000IEAG",2006-07-29,18.6,25,12.8
"950","USR0000IEAG",2006-07-30,11.2,18.3,6.1
"951","USR0000IEAG",2006-07-31,12.8,21.1,4.4
"952","USR0000IEAG",2006-08-01,13.8,21.7,8.3
"953","USR0000IEAG",2006-08-02,15.3,22.2,8.3
"954","USR0000IEAG",2006-08-03,18.1,25.6,11.1
"955","USR0000IEAG",2006-08-04,18.3,25,13.3
"956","USR0000IEAG",2006-08-05,18.4,25.6,11.7
"957","USR0000IEAG",2006-08-06,21.4,27.8,14.4
"958","USR0000IEAG",2006-08-07,23.6,31.7,17.8
"959","USR0000IEAG",2006-08-08,20.4,27.8,10.6
"960","USR0000IEAG",2006-08-09,16.3,23.9,10
"961","USR0000IEAG",2006-08-10,17.2,28.3,8.9
"962","USR0000IEAG",2006-08-11,11.2,18.3,6.7
"963","USR0000IEAG",2006-08-12,13.2,21.1,7.2
"964","USR0000IEAG",2006-08-13,16.7,24.4,9.4
"965","USR0000IEAG",2006-08-14,19.4,27.8,12.8
"966","USR0000IEAG",2006-08-15,16.8,23.3,12.8
"967","USR0000IEAG",2006-08-16,13.2,23.3,6.7
"968","USR0000IEAG",2006-08-17,10.7,21.1,6.7
"969","USR0000IEAG",2006-08-18,17.1,23.9,10.6
"970","USR0000IEAG",2006-08-19,19.7,26.1,13.3
"971","USR0000IEAG",2006-08-20,21.6,27.8,15
"972","USR0000IEAG",2006-08-21,23.8,31.7,17.2
"973","USR0000IEAG",2006-08-22,21.2,30,15
"974","USR0000IEAG",2006-08-23,16.7,25,10.6
"975","USR0000IEAG",2006-08-24,13.8,20.6,8.9
"976","USR0000IEAG",2006-08-25,11.7,18.3,8.3
"977","USR0000IEAG",2006-08-26,16.1,23.3,7.8
"978","USR0000IEAG",2006-08-27,19.7,27.2,13.3
"979","USR0000IEAG",2006-08-28,22.3,30.6,15
"980","USR0000IEAG",2006-08-29,16.8,26.7,5.6
"981","USR0000IEAG",2006-08-30,4.4,7.2,2.2
"982","USR0000IEAG",2006-08-31,7.8,16.1,1.7
"983","USR0000IEAG",2006-09-01,13.4,22.2,3.9
"984","USR0000IEAG",2006-09-02,19.7,26.1,12.2
"985","USR0000IEAG",2006-09-03,22.9,30,17.8
"986","USR0000IEAG",2006-09-04,22.8,28.9,18.3
"987","USR0000IEAG",2006-09-05,23.4,31.1,18.9
"988","USR0000IEAG",2006-09-06,22.4,30,17.2
"989","USR0000IEAG",2006-09-07,20.7,28.3,16.1
"990","USR0000IEAG",2006-09-08,19.3,27.8,13.3
"991","USR0000IEAG",2006-09-09,14.7,22.2,7.8
"992","USR0000IEAG",2006-09-10,13.2,20.6,6.1
"993","USR0000IEAG",2006-09-11,17.8,25.6,10
"994","USR0000IEAG",2006-09-12,18.8,25.6,12.8
"995","USR0000IEAG",2006-09-13,12.5,20,3.9
"996","USR0000IEAG",2006-09-14,2.9,6.1,0
"997","USR0000IEAG",2006-09-15,5.3,12.8,1.7
"998","USR0000IEAG",2006-09-16,2.1,5.6,0
"999","USR0000IEAG",2006-09-17,5.9,14.4,1.1
"1000","USR0000IEAG",2006-09-18,11.1,19.4,3.9
"1001","USR0000IEAG",2006-09-19,5.8,8.9,3.3
"1002","USR0000IEAG",2006-09-20,3.4,4.4,1.1
"1003","USR0000IEAG",2006-09-21,2.6,6.1,0
"1004","USR0000IEAG",2006-09-22,3.4,7.2,0.6
"1005","USR0000IEAG",2006-09-23,6.2,13.3,1.7
"1006","USR0000IEAG",2006-09-24,10.8,17.8,3.9
"1007","USR0000IEAG",2006-09-25,13.4,20.6,7.8
"1008","USR0000IEAG",2006-09-26,13.5,19.4,7.8
"1009","USR0000IEAG",2006-09-27,14.3,20.6,10
"1010","USR0000IEAG",2006-09-28,14.6,21.1,10
"1011","USR0000IEAG",2006-09-29,15.1,22.2,10
"1012","USR0000IEAG",2006-09-30,14.6,21.7,8.9
"1013","USR0000IEAG",2006-10-01,10.6,18.3,5
"1014","USR0000IEAG",2006-10-02,10.1,16.7,6.1
"1015","USR0000IEAG",2006-10-03,10.2,18.3,4.4
"1016","USR0000IEAG",2006-10-04,10.9,17.2,7.2
"1017","USR0000IEAG",2006-10-05,11.7,20.6,6.7
"1018","USR0000IEAG",2006-10-06,5.6,7.8,4.4
"1019","USR0000IEAG",2006-10-07,NA,NA,NA
"1020","USR0000IEAG",2006-10-08,NA,NA,NA
"1021","USR0000IEAG",2006-10-09,NA,NA,NA
"1022","USR0000IEAG",2006-10-10,NA,NA,NA
"1023","USR0000IEAG",2006-10-11,NA,NA,NA
"1024","USR0000IEAG",2006-10-12,NA,NA,NA
"1025","USR0000IEAG",2006-10-13,NA,NA,NA
"1026","USR0000IEAG",2006-10-14,NA,NA,NA
"1027","USR0000IEAG",2006-10-15,NA,NA,NA
"1028","USR0000IEAG",2006-10-16,NA,NA,NA
"1029","USR0000IEAG",2006-10-17,NA,NA,NA
"1030","USR0000IEAG",2006-10-18,NA,NA,NA
"1031","USR0000IEAG",2006-10-19,NA,NA,NA
"1032","USR0000IEAG",2006-10-20,NA,NA,NA
"1033","USR0000IEAG",2006-10-21,NA,NA,NA
"1034","USR0000IEAG",2006-10-22,NA,NA,NA
"1035","USR0000IEAG",2006-10-23,NA,NA,NA
"1036","USR0000IEAG",2006-10-24,NA,NA,NA
"1037","USR0000IEAG",2006-10-25,NA,NA,NA
"1038","USR0000IEAG",2006-10-26,NA,NA,NA
"1039","USR0000IEAG",2006-10-27,NA,NA,NA
"1040","USR0000IEAG",2006-10-28,NA,NA,NA
"1041","USR0000IEAG",2006-10-29,NA,NA,NA
"1042","USR0000IEAG",2006-10-30,NA,NA,NA
"1043","USR0000IEAG",2006-10-31,NA,NA,NA
"1044","USR0000IEAG",2007-06-01,NA,NA,NA
"1045","USR0000IEAG",2007-06-02,NA,NA,NA
"1046","USR0000IEAG",2007-06-03,NA,NA,NA
"1047","USR0000IEAG",2007-06-04,NA,NA,NA
"1048","USR0000IEAG",2007-06-05,NA,NA,NA
"1049","USR0000IEAG",2007-06-06,NA,NA,NA
"1050","USR0000IEAG",2007-06-07,NA,NA,NA
"1051","USR0000IEAG",2007-06-08,NA,NA,NA
"1052","USR0000IEAG",2007-06-09,NA,NA,NA
"1053","USR0000IEAG",2007-06-10,NA,NA,NA
"1054","USR0000IEAG",2007-06-11,NA,NA,NA
"1055","USR0000IEAG",2007-06-12,NA,NA,NA
"1056","USR0000IEAG",2007-06-13,9.3,11.7,5.6
"1057","USR0000IEAG",2007-06-14,8.6,15,4.4
"1058","USR0000IEAG",2007-06-15,13.1,18.9,5
"1059","USR0000IEAG",2007-06-16,11.6,18.3,3.3
"1060","USR0000IEAG",2007-06-17,3.1,5,0.6
"1061","USR0000IEAG",2007-06-18,8.6,15,3.9
"1062","USR0000IEAG",2007-06-19,15.9,25.6,6.1
"1063","USR0000IEAG",2007-06-20,18.6,24.4,15
"1064","USR0000IEAG",2007-06-21,NA,NA,NA
"1065","USR0000IEAG",2007-06-22,NA,NA,NA
"1066","USR0000IEAG",2007-06-23,NA,NA,NA
"1067","USR0000IEAG",2007-06-24,NA,NA,NA
"1068","USR0000IEAG",2007-06-25,NA,NA,NA
"1069","USR0000IEAG",2007-06-26,NA,NA,NA
"1070","USR0000IEAG",2007-06-27,NA,NA,NA
"1071","USR0000IEAG",2007-06-28,NA,NA,NA
"1072","USR0000IEAG",2007-06-29,NA,NA,NA
"1073","USR0000IEAG",2007-06-30,NA,NA,NA
"1074","USR0000IEAG",2007-07-01,NA,NA,NA
"1075","USR0000IEAG",2007-07-02,NA,NA,NA
"1076","USR0000IEAG",2007-07-03,NA,NA,NA
"1077","USR0000IEAG",2007-07-04,NA,NA,NA
"1078","USR0000IEAG",2007-07-05,NA,NA,NA
"1079","USR0000IEAG",2007-07-06,NA,NA,NA
"1080","USR0000IEAG",2007-07-07,NA,NA,NA
"1081","USR0000IEAG",2007-07-08,NA,NA,NA
"1082","USR0000IEAG",2007-07-09,NA,NA,NA
"1083","USR0000IEAG",2007-07-10,NA,NA,NA
"1084","USR0000IEAG",2007-07-11,NA,NA,NA
"1085","USR0000IEAG",2007-07-12,NA,NA,NA
"1086","USR0000IEAG",2007-07-13,NA,NA,NA
"1087","USR0000IEAG",2007-07-14,NA,NA,NA
"1088","USR0000IEAG",2007-07-15,NA,NA,NA
"1089","USR0000IEAG",2007-07-16,NA,NA,NA
"1090","USR0000IEAG",2007-07-17,NA,NA,NA
"1091","USR0000IEAG",2007-07-18,NA,NA,NA
"1092","USR0000IEAG",2007-07-19,NA,NA,NA
"1093","USR0000IEAG",2007-07-20,NA,NA,NA
"1094","USR0000IEAG",2007-07-21,NA,NA,NA
"1095","USR0000IEAG",2007-07-22,NA,NA,NA
"1096","USR0000IEAG",2007-07-23,NA,NA,NA
"1097","USR0000IEAG",2007-07-24,NA,NA,NA
"1098","USR0000IEAG",2007-07-25,NA,NA,NA
"1099","USR0000IEAG",2007-07-26,NA,NA,NA
"1100","USR0000IEAG",2007-07-27,NA,NA,NA
"1101","USR0000IEAG",2007-07-28,NA,NA,NA
"1102","USR0000IEAG",2007-07-29,23.2,29.4,15.6
"1103","USR0000IEAG",2007-07-30,19.4,28.3,13.3
"1104","USR0000IEAG",2007-07-31,18.4,25.6,11.7
"1105","USR0000IEAG",2007-08-01,22.3,31.1,13.9
"1106","USR0000IEAG",2007-08-02,24.3,31.7,17.8
"1107","USR0000IEAG",2007-08-03,19.9,27.8,13.3
"1108","USR0000IEAG",2007-08-04,17.9,26.1,11.7
"1109","USR0000IEAG",2007-08-05,18.2,25.6,12.8
"1110","USR0000IEAG",2007-08-06,18.2,25.6,12.8
"1111","USR0000IEAG",2007-08-07,17.3,25,10.6
"1112","USR0000IEAG",2007-08-08,14.6,21.7,8.9
"1113","USR0000IEAG",2007-08-09,17.8,26.7,11.1
"1114","USR0000IEAG",2007-08-10,12.6,20,7.2
"1115","USR0000IEAG",2007-08-11,17.9,25.6,9.4
"1116","USR0000IEAG",2007-08-12,18.2,27.2,12.2
"1117","USR0000IEAG",2007-08-13,19.4,27.8,11.7
"1118","USR0000IEAG",2007-08-14,22.7,31.1,16.7
"1119","USR0000IEAG",2007-08-15,23.9,31.1,16.7
"1120","USR0000IEAG",2007-08-16,22.8,30,16.1
"1121","USR0000IEAG",2007-08-17,16.9,24.4,11.1
"1122","USR0000IEAG",2007-08-18,16.5,23.9,11.7
"1123","USR0000IEAG",2007-08-19,10.2,15.6,5
"1124","USR0000IEAG",2007-08-20,7.4,10.6,6.1
"1125","USR0000IEAG",2007-08-21,9.7,17.8,6.7
"1126","USR0000IEAG",2007-08-22,13.1,21.1,6.1
"1127","USR0000IEAG",2007-08-23,15,22.8,10.6
"1128","USR0000IEAG",2007-08-24,16.2,23.3,10.6
"1129","USR0000IEAG",2007-08-25,17.2,25,11.1
"1130","USR0000IEAG",2007-08-26,11.2,17.8,6.7
"1131","USR0000IEAG",2007-08-27,11.6,18.3,5.6
"1132","USR0000IEAG",2007-08-28,14.8,21.7,7.8
"1133","USR0000IEAG",2007-08-29,19.7,28.3,11.7
"1134","USR0000IEAG",2007-08-30,23.2,28.9,18.3
"1135","USR0000IEAG",2007-08-31,17.6,25.6,10.6
"1136","USR0000IEAG",2007-09-01,16.1,23.3,8.9
"1137","USR0000IEAG",2007-09-02,19.4,26.7,13.9
"1138","USR0000IEAG",2007-09-03,20.9,28.9,14.4
"1139","USR0000IEAG",2007-09-04,17.2,23.9,10.6
"1140","USR0000IEAG",2007-09-05,13.9,21.7,8.9
"1141","USR0000IEAG",2007-09-06,12.8,20,8.3
"1142","USR0000IEAG",2007-09-07,11.7,19.4,6.1
"1143","USR0000IEAG",2007-09-08,10.6,18.3,5.6
"1144","USR0000IEAG",2007-09-09,11.5,18.3,4.4
"1145","USR0000IEAG",2007-09-10,15.6,22.2,8.9
"1146","USR0000IEAG",2007-09-11,17.9,26.1,11.7
"1147","USR0000IEAG",2007-09-12,16.8,24.4,11.1
"1148","USR0000IEAG",2007-09-13,14.2,22.8,7.2
"1149","USR0000IEAG",2007-09-14,16.1,25.6,10
"1150","USR0000IEAG",2007-09-15,16.3,24.4,11.1
"1151","USR0000IEAG",2007-09-16,12.4,20,5
"1152","USR0000IEAG",2007-09-17,6.4,11.1,4.4
"1153","USR0000IEAG",2007-09-18,6.8,13.3,2.8
"1154","USR0000IEAG",2007-09-19,6.3,13.3,0.6
"1155","USR0000IEAG",2007-09-20,4.3,10,1.1
"1156","USR0000IEAG",2007-09-21,8.9,17.2,1.7
"1157","USR0000IEAG",2007-09-22,9.3,15.6,3.9
"1158","USR0000IEAG",2007-09-23,2,3.3,0.6
"1159","USR0000IEAG",2007-09-24,4.2,11.1,0
"1160","USR0000IEAG",2007-09-25,7.1,16.1,1.1
"1161","USR0000IEAG",2007-09-26,9.7,17.8,3.9
"1162","USR0000IEAG",2007-09-27,13.6,21.7,6.7
"1163","USR0000IEAG",2007-09-28,6.2,15,-1.1
"1164","USR0000IEAG",2007-09-29,-0.6,1.1,-1.7
"1165","USR0000IEAG",2007-09-30,3.3,8.9,-2.2
"1166","USR0000IEAG",2007-10-01,1.4,2.8,0.6
"1167","USR0000IEAG",2007-10-02,2.1,4.4,0
"1168","USR0000IEAG",2007-10-03,0.8,3.3,-0.6
"1169","USR0000IEAG",2007-10-04,-0.6,0.6,-1.1
"1170","USR0000IEAG",2007-10-05,NA,NA,NA
"1171","USR0000IEAG",2007-10-06,NA,NA,NA
"1172","USR0000IEAG",2007-10-07,NA,NA,NA
"1173","USR0000IEAG",2007-10-08,NA,NA,NA
"1174","USR0000IEAG",2007-10-09,NA,NA,NA
"1175","USR0000IEAG",2007-10-10,NA,NA,NA
"1176","USR0000IEAG",2007-10-11,NA,NA,NA
"1177","USR0000IEAG",2007-10-12,NA,NA,NA
"1178","USR0000IEAG",2007-10-13,NA,NA,NA
"1179","USR0000IEAG",2007-10-14,NA,NA,NA
"1180","USR0000IEAG",2007-10-15,NA,NA,NA
"1181","USR0000IEAG",2007-10-16,NA,NA,NA
"1182","USR0000IEAG",2007-10-17,NA,NA,NA
"1183","USR0000IEAG",2007-10-18,NA,NA,NA
"1184","USR0000IEAG",2007-10-19,NA,NA,NA
"1185","USR0000IEAG",2007-10-20,NA,NA,NA
"1186","USR0000IEAG",2007-10-21,NA,NA,NA
"1187","USR0000IEAG",2007-10-22,NA,NA,NA
"1188","USR0000IEAG",2007-10-23,NA,NA,NA
"1189","USR0000IEAG",2007-10-24,NA,NA,NA
"1190","USR0000IEAG",2007-10-25,NA,NA,NA
"1191","USR0000IEAG",2007-10-26,NA,NA,NA
"1192","USR0000IEAG",2007-10-27,NA,NA,NA
"1193","USR0000IEAG",2007-10-28,NA,NA,NA
"1194","USR0000IEAG",2007-10-29,NA,NA,NA
"1195","USR0000IEAG",2007-10-30,NA,NA,NA
"1196","USR0000IEAG",2007-10-31,NA,NA,NA
"1197","USR0000IEAG",2008-07-01,NA,NA,NA
"1198","USR0000IEAG",2008-07-02,NA,NA,NA
"1199","USR0000IEAG",2008-07-03,NA,NA,NA
"1200","USR0000IEAG",2008-07-04,NA,NA,NA
"1201","USR0000IEAG",2008-07-05,NA,NA,NA
"1202","USR0000IEAG",2008-07-06,NA,NA,NA
"1203","USR0000IEAG",2008-07-07,NA,NA,NA
"1204","USR0000IEAG",2008-07-08,NA,NA,NA
"1205","USR0000IEAG",2008-07-09,NA,NA,NA
"1206","USR0000IEAG",2008-07-10,NA,NA,NA
"1207","USR0000IEAG",2008-07-11,NA,NA,NA
"1208","USR0000IEAG",2008-07-12,NA,NA,NA
"1209","USR0000IEAG",2008-07-13,NA,NA,NA
"1210","USR0000IEAG",2008-07-14,NA,NA,NA
"1211","USR0000IEAG",2008-07-15,NA,NA,NA
"1212","USR0000IEAG",2008-07-16,NA,NA,NA
"1213","USR0000IEAG",2008-07-17,NA,NA,NA
"1214","USR0000IEAG",2008-07-18,NA,NA,NA
"1215","USR0000IEAG",2008-07-19,NA,NA,NA
"1216","USR0000IEAG",2008-07-20,NA,NA,NA
"1217","USR0000IEAG",2008-07-21,22.3,27.8,18.9
"1218","USR0000IEAG",2008-07-22,13.8,20,7.8
"1219","USR0000IEAG",2008-07-23,14.4,21.7,8.3
"1220","USR0000IEAG",2008-07-24,16.2,24.4,7.8
"1221","USR0000IEAG",2008-07-25,20.8,28.9,12.8
"1222","USR0000IEAG",2008-07-26,19.3,26.7,13.9
"1223","USR0000IEAG",2008-07-27,17,23.3,11.1
"1224","USR0000IEAG",2008-07-28,16.2,23.3,8.3
"1225","USR0000IEAG",2008-07-29,16.6,24.4,10.6
"1226","USR0000IEAG",2008-07-30,12,20,8.3
"1227","USR0000IEAG",2008-07-31,17.9,28.3,7.2
"1228","USR0000IEAG",2008-08-01,15.9,25.6,10
"1229","USR0000IEAG",2008-08-02,12.4,18.9,9.4
"1230","USR0000IEAG",2008-08-03,14.7,21.7,8.9
"1231","USR0000IEAG",2008-08-04,18.1,25,8.9
"1232","USR0000IEAG",2008-08-05,21.7,28.3,15
"1233","USR0000IEAG",2008-08-06,24.6,32.8,17.8
"1234","USR0000IEAG",2008-08-07,21.9,29.4,17.2
"1235","USR0000IEAG",2008-08-08,19.9,29.4,11.7
"1236","USR0000IEAG",2008-08-09,17.9,24.4,10
"1237","USR0000IEAG",2008-08-10,10.6,17.8,7.8
"1238","USR0000IEAG",2008-08-11,12.8,20.6,6.1
"1239","USR0000IEAG",2008-08-12,16.8,25.6,9.4
"1240","USR0000IEAG",2008-08-13,18.3,26.7,13.3
"1241","USR0000IEAG",2008-08-14,20.5,28.9,13.3
"1242","USR0000IEAG",2008-08-15,20.7,29.4,12.8
"1243","USR0000IEAG",2008-08-16,23.8,30,17.2
"1244","USR0000IEAG",2008-08-17,26.2,33.3,20.6
"1245","USR0000IEAG",2008-08-18,25.3,36.1,13.3
"1246","USR0000IEAG",2008-08-19,13.9,18.9,10.6
"1247","USR0000IEAG",2008-08-20,10.2,11.7,8.9
"1248","USR0000IEAG",2008-08-21,6,10,3.3
"1249","USR0000IEAG",2008-08-22,11.1,18.9,3.3
"1250","USR0000IEAG",2008-08-23,16.4,23.9,10.6
"1251","USR0000IEAG",2008-08-24,21.4,30.6,14.4
"1252","USR0000IEAG",2008-08-25,13.3,22.2,6.1
"1253","USR0000IEAG",2008-08-26,5.9,11.7,1.7
"1254","USR0000IEAG",2008-08-27,6.4,8.9,3.9
"1255","USR0000IEAG",2008-08-28,10.7,17.8,4.4
"1256","USR0000IEAG",2008-08-29,16.7,26.1,8.9
"1257","USR0000IEAG",2008-08-30,11.2,17.8,7.2
"1258","USR0000IEAG",2008-08-31,7.4,13.3,3.9
"1259","USR0000IEAG",2008-09-01,5.7,10,2.2
"1260","USR0000IEAG",2008-09-02,9.4,17.8,3.3
"1261","USR0000IEAG",2008-09-03,10.8,18.3,6.1
"1262","USR0000IEAG",2008-09-04,9.9,15.6,6.1
"1263","USR0000IEAG",2008-09-05,9,13.3,5.6
"1264","USR0000IEAG",2008-09-06,11,17.8,5.6
"1265","USR0000IEAG",2008-09-07,9.8,18.3,3.9
"1266","USR0000IEAG",2008-09-08,12.1,20,5
"1267","USR0000IEAG",2008-09-09,13.4,21.1,9.4
"1268","USR0000IEAG",2008-09-10,9.1,15.6,5
"1269","USR0000IEAG",2008-09-11,11.9,18.3,5
"1270","USR0000IEAG",2008-09-12,14.7,21.7,8.9
"1271","USR0000IEAG",2008-09-13,13.7,20,7.8
"1272","USR0000IEAG",2008-09-14,15.8,23.3,10
"1273","USR0000IEAG",2008-09-15,18.1,26.1,12.2
"1274","USR0000IEAG",2008-09-16,19.7,27.8,13.3
"1275","USR0000IEAG",2008-09-17,20.4,27.2,14.4
"1276","USR0000IEAG",2008-09-18,20.7,28.9,15.6
"1277","USR0000IEAG",2008-09-19,20.8,27.8,15.6
"1278","USR0000IEAG",2008-09-20,12,16.7,5.6
"1279","USR0000IEAG",2008-09-21,4.3,6.1,3.3
"1280","USR0000IEAG",2008-09-22,2.3,6.7,0
"1281","USR0000IEAG",2008-09-23,4.9,11.7,-2.2
"1282","USR0000IEAG",2008-09-24,11.6,20.6,3.9
"1283","USR0000IEAG",2008-09-25,11.2,18.3,5.6
"1284","USR0000IEAG",2008-09-26,10.7,18.9,4.4
"1285","USR0000IEAG",2008-09-27,10.8,17.8,5.6
"1286","USR0000IEAG",2008-09-28,13,19.4,6.7
"1287","USR0000IEAG",2008-09-29,16.9,25,10.6
"1288","USR0000IEAG",2008-09-30,21.5,28.9,16.7
"1289","USR0000IEAG",2008-10-01,20.3,28.3,16.7
"1290","USR0000IEAG",2008-10-02,15.8,20.6,8.3
"1291","USR0000IEAG",2008-10-03,11.3,17.8,7.8
"1292","USR0000IEAG",2008-10-04,5.9,12.8,2.8
"1293","USR0000IEAG",2008-10-05,1.7,6.1,0
"1294","USR0000IEAG",2008-10-06,5.3,13.3,0.6
"1295","USR0000IEAG",2008-10-07,4.1,8.3,0
"1296","USR0000IEAG",2008-10-08,-1,-0.6,-1.7
"1297","USR0000IEAG",2008-10-09,NA,NA,NA
"1298","USR0000IEAG",2008-10-10,NA,NA,NA
"1299","USR0000IEAG",2008-10-11,NA,NA,NA
"1300","USR0000IEAG",2008-10-12,NA,NA,NA
"1301","USR0000IEAG",2008-10-13,NA,NA,NA
"1302","USR0000IEAG",2008-10-14,NA,NA,NA
"1303","USR0000IEAG",2008-10-15,NA,NA,NA
"1304","USR0000IEAG",2008-10-16,NA,NA,NA
"1305","USR0000IEAG",2008-10-17,NA,NA,NA
"1306","USR0000IEAG",2008-10-18,NA,NA,NA
"1307","USR0000IEAG",2008-10-19,NA,NA,NA
"1308","USR0000IEAG",2008-10-20,NA,NA,NA
"1309","USR0000IEAG",2008-10-21,NA,NA,NA
"1310","USR0000IEAG",2008-10-22,NA,NA,NA
"1311","USR0000IEAG",2008-10-23,NA,NA,NA
"1312","USR0000IEAG",2008-10-24,NA,NA,NA
"1313","USR0000IEAG",2008-10-25,NA,NA,NA
"1314","USR0000IEAG",2008-10-26,NA,NA,NA
"1315","USR0000IEAG",2008-10-27,NA,NA,NA
"1316","USR0000IEAG",2008-10-28,NA,NA,NA
"1317","USR0000IEAG",2008-10-29,NA,NA,NA
"1318","USR0000IEAG",2008-10-30,NA,NA,NA
"1319","USR0000IEAG",2008-10-31,NA,NA,NA
"1320","USR0000IEAG",2009-07-01,NA,NA,NA
"1321","USR0000IEAG",2009-07-02,NA,NA,NA
"1322","USR0000IEAG",2009-07-03,NA,NA,NA
"1323","USR0000IEAG",2009-07-04,NA,NA,NA
"1324","USR0000IEAG",2009-07-05,NA,NA,NA
"1325","USR0000IEAG",2009-07-06,NA,NA,NA
"1326","USR0000IEAG",2009-07-07,NA,NA,NA
"1327","USR0000IEAG",2009-07-08,NA,NA,NA
"1328","USR0000IEAG",2009-07-09,NA,NA,NA
"1329","USR0000IEAG",2009-07-10,NA,NA,NA
"1330","USR0000IEAG",2009-07-11,NA,NA,NA
"1331","USR0000IEAG",2009-07-12,20.8,26.1,13.9
"1332","USR0000IEAG",2009-07-13,8,10,6.1
"1333","USR0000IEAG",2009-07-14,13.3,21.7,6.7
"1334","USR0000IEAG",2009-07-15,18.2,25.6,11.7
"1335","USR0000IEAG",2009-07-16,20.9,27.2,14.4
"1336","USR0000IEAG",2009-07-17,21.8,28.3,15.6
"1337","USR0000IEAG",2009-07-18,23.2,30,18.3
"1338","USR0000IEAG",2009-07-19,17.5,23.3,12.8
"1339","USR0000IEAG",2009-07-20,18.3,25.6,12.2
"1340","USR0000IEAG",2009-07-21,21.2,27.8,15.6
"1341","USR0000IEAG",2009-07-22,22.4,30,15.6
"1342","USR0000IEAG",2009-07-23,21.9,29.4,16.1
"1343","USR0000IEAG",2009-07-24,18.9,26.1,11.7
"1344","USR0000IEAG",2009-07-25,19.7,26.7,13.9
"1345","USR0000IEAG",2009-07-26,17.6,26.1,11.1
"1346","USR0000IEAG",2009-07-27,19.1,26.7,11.7
"1347","USR0000IEAG",2009-07-28,18,27.2,11.1
"1348","USR0000IEAG",2009-07-29,16.7,25,9.4
"1349","USR0000IEAG",2009-07-30,18.2,25.6,10.6
"1350","USR0000IEAG",2009-07-31,21.1,29.4,12.8
"1351","USR0000IEAG",2009-08-01,23.8,30.6,17.8
"1352","USR0000IEAG",2009-08-02,22.2,28.3,16.7
"1353","USR0000IEAG",2009-08-03,22.3,30,16.1
"1354","USR0000IEAG",2009-08-04,21.7,30,16.1
"1355","USR0000IEAG",2009-08-05,19.7,27.2,10.6
"1356","USR0000IEAG",2009-08-06,13.8,21.7,8.9
"1357","USR0000IEAG",2009-08-07,9,11.1,7.2
"1358","USR0000IEAG",2009-08-08,9.2,12.8,6.1
"1359","USR0000IEAG",2009-08-09,14.4,21.7,8.3
"1360","USR0000IEAG",2009-08-10,17.6,25,10.6
"1361","USR0000IEAG",2009-08-11,18.3,25.6,13.3
"1362","USR0000IEAG",2009-08-12,14.3,20,10.6
"1363","USR0000IEAG",2009-08-13,9.8,16.1,7.2
"1364","USR0000IEAG",2009-08-14,6.6,10.6,3.9
"1365","USR0000IEAG",2009-08-15,6.2,11.1,3.9
"1366","USR0000IEAG",2009-08-16,9.3,14.4,5.6
"1367","USR0000IEAG",2009-08-17,13.3,21.1,7.8
"1368","USR0000IEAG",2009-08-18,16,23.3,11.1
"1369","USR0000IEAG",2009-08-19,19.6,26.1,13.3
"1370","USR0000IEAG",2009-08-20,22.7,30,16.1
"1371","USR0000IEAG",2009-08-21,19.8,26.1,13.3
"1372","USR0000IEAG",2009-08-22,16.5,22.8,10.6
"1373","USR0000IEAG",2009-08-23,14.9,21.1,10.6
"1374","USR0000IEAG",2009-08-24,15.8,22.2,7.8
"1375","USR0000IEAG",2009-08-25,18.6,25.6,12.8
"1376","USR0000IEAG",2009-08-26,18.8,25.6,13.9
"1377","USR0000IEAG",2009-08-27,21.8,29.4,15.6
"1378","USR0000IEAG",2009-08-28,22.9,31.1,16.1
"1379","USR0000IEAG",2009-08-29,14.2,18.9,11.1
"1380","USR0000IEAG",2009-08-30,15.1,23.9,8.9
"1381","USR0000IEAG",2009-08-31,16.4,23.3,11.7
"1382","USR0000IEAG",2009-09-01,20.4,29.4,13.3
"1383","USR0000IEAG",2009-09-02,22.3,30,17.2
"1384","USR0000IEAG",2009-09-03,16.4,23.3,8.9
"1385","USR0000IEAG",2009-09-04,15.4,23.9,7.2
"1386","USR0000IEAG",2009-09-05,17.8,29.4,8.9
"1387","USR0000IEAG",2009-09-06,7.7,12.2,5
"1388","USR0000IEAG",2009-09-07,5.1,11.7,2.2
"1389","USR0000IEAG",2009-09-08,9.2,16.7,1.7
"1390","USR0000IEAG",2009-09-09,14,21.1,7.8
"1391","USR0000IEAG",2009-09-10,14.1,22.2,8.3
"1392","USR0000IEAG",2009-09-11,17,25.6,10.6
"1393","USR0000IEAG",2009-09-12,20,27.8,13.9
"1394","USR0000IEAG",2009-09-13,18.6,25,14.4
"1395","USR0000IEAG",2009-09-14,16.9,24.4,12.2
"1396","USR0000IEAG",2009-09-15,17.1,23.9,10.6
"1397","USR0000IEAG",2009-09-16,21.6,29.4,15.6
"1398","USR0000IEAG",2009-09-17,14.3,20.6,10.6
"1399","USR0000IEAG",2009-09-18,17.4,26.7,10
"1400","USR0000IEAG",2009-09-19,14.7,21.1,5
"1401","USR0000IEAG",2009-09-20,5.5,13.9,1.1
"1402","USR0000IEAG",2009-09-21,9.8,16.1,3.3
"1403","USR0000IEAG",2009-09-22,17,25,10
"1404","USR0000IEAG",2009-09-23,22.5,31.1,15.6
"1405","USR0000IEAG",2009-09-24,21.1,27.8,15
"1406","USR0000IEAG",2009-09-25,17.7,24.4,12.2
"1407","USR0000IEAG",2009-09-26,14.5,21.1,7.8
"1408","USR0000IEAG",2009-09-27,10.9,17.2,4.4
"1409","USR0000IEAG",2009-09-28,16.6,28.3,7.8
"1410","USR0000IEAG",2009-09-29,3.4,8.3,0
"1411","USR0000IEAG",2009-09-30,-0.9,0.6,-2.2
"1412","USR0000IEAG",2009-10-01,-0.2,2.2,-2.8
"1413","USR0000IEAG",2009-10-02,0.7,2.2,0
"1414","USR0000IEAG",2009-10-03,NA,NA,NA
"1415","USR0000IEAG",2009-10-04,NA,NA,NA
"1416","USR0000IEAG",2009-10-05,NA,NA,NA
"1417","USR0000IEAG",2009-10-06,NA,NA,NA
"1418","USR0000IEAG",2009-10-07,NA,NA,NA
"1419","USR0000IEAG",2009-10-08,NA,NA,NA
"1420","USR0000IEAG",2009-10-09,NA,NA,NA
"1421","USR0000IEAG",2009-10-10,NA,NA,NA
"1422","USR0000IEAG",2009-10-11,NA,NA,NA
"1423","USR0000IEAG",2009-10-12,NA,NA,NA
"1424","USR0000IEAG",2009-10-13,NA,NA,NA
"1425","USR0000IEAG",2009-10-14,NA,NA,NA
"1426","USR0000IEAG",2009-10-15,NA,NA,NA
"1427","USR0000IEAG",2009-10-16,NA,NA,NA
"1428","USR0000IEAG",2009-10-17,NA,NA,NA
"1429","USR0000IEAG",2009-10-18,NA,NA,NA
"1430","USR0000IEAG",2009-10-19,NA,NA,NA
"1431","USR0000IEAG",2009-10-20,NA,NA,NA
"1432","USR0000IEAG",2009-10-21,NA,NA,NA
"1433","USR0000IEAG",2009-10-22,NA,NA,NA
"1434","USR0000IEAG",2009-10-23,NA,NA,NA
"1435","USR0000IEAG",2009-10-24,NA,NA,NA
"1436","USR0000IEAG",2009-10-25,NA,NA,NA
"1437","USR0000IEAG",2009-10-26,NA,NA,NA
"1438","USR0000IEAG",2009-10-27,NA,NA,NA
"1439","USR0000IEAG",2009-10-28,NA,NA,NA
"1440","USR0000IEAG",2009-10-29,NA,NA,NA
"1441","USR0000IEAG",2009-10-30,NA,NA,NA
"1442","USR0000IEAG",2009-10-31,NA,NA,NA
"1443","USR0000IEAG",2010-06-01,NA,NA,NA
"1444","USR0000IEAG",2010-06-02,NA,NA,NA
"1445","USR0000IEAG",2010-06-03,NA,NA,NA
"1446","USR0000IEAG",2010-06-04,NA,NA,NA
"1447","USR0000IEAG",2010-06-05,NA,NA,NA
"1448","USR0000IEAG",2010-06-06,NA,NA,NA
"1449","USR0000IEAG",2010-06-07,NA,NA,NA
"1450","USR0000IEAG",2010-06-08,13.4,19.4,11.1
"1451","USR0000IEAG",2010-06-09,6.3,11.7,2.2
"1452","USR0000IEAG",2010-06-10,4.1,10.6,1.1
"1453","USR0000IEAG",2010-06-11,5.7,11.1,2.2
"1454","USR0000IEAG",2010-06-12,12.1,20,2.8
"1455","USR0000IEAG",2010-06-13,16.1,23.9,9.4
"1456","USR0000IEAG",2010-06-14,12.7,20.6,5.6
"1457","USR0000IEAG",2010-06-15,9.4,16.1,3.9
"1458","USR0000IEAG",2010-06-16,2.2,4.4,0.6
"1459","USR0000IEAG",2010-06-17,1.8,4.4,0.6
"1460","USR0000IEAG",2010-06-18,9,16.7,1.7
"1461","USR0000IEAG",2010-06-19,14.4,23.9,7.2
"1462","USR0000IEAG",2010-06-20,8.4,12.8,5
"1463","USR0000IEAG",2010-06-21,6.2,8.3,3.9
"1464","USR0000IEAG",2010-06-22,11.3,17.2,5.6
"1465","USR0000IEAG",2010-06-23,16.4,22.2,10
"1466","USR0000IEAG",2010-06-24,17.5,23.9,12.2
"1467","USR0000IEAG",2010-06-25,14.8,21.1,8.9
"1468","USR0000IEAG",2010-06-26,14.2,21.1,8.9
"1469","USR0000IEAG",2010-06-27,16.4,23.9,9.4
"1470","USR0000IEAG",2010-06-28,20.7,30,12.2
"1471","USR0000IEAG",2010-06-29,17.8,25,10
"1472","USR0000IEAG",2010-06-30,11.9,19.4,6.1
"1473","USR0000IEAG",2010-07-01,13.2,20,7.8
"1474","USR0000IEAG",2010-07-02,6.1,10,3.9
"1475","USR0000IEAG",2010-07-03,7.6,14.4,3.3
"1476","USR0000IEAG",2010-07-04,9.5,13.9,5
"1477","USR0000IEAG",2010-07-05,7.1,12.8,3.9
"1478","USR0000IEAG",2010-07-06,12.6,19.4,3.9
"1479","USR0000IEAG",2010-07-07,17.4,25,8.9
"1480","USR0000IEAG",2010-07-08,21.1,27.2,12.8
"1481","USR0000IEAG",2010-07-09,22.4,29.4,16.1
"1482","USR0000IEAG",2010-07-10,19.9,26.7,15.6
"1483","USR0000IEAG",2010-07-11,19.4,25.6,13.9
"1484","USR0000IEAG",2010-07-12,13.9,23.3,5
"1485","USR0000IEAG",2010-07-13,6.6,12.8,1.7
"1486","USR0000IEAG",2010-07-14,12.5,19.4,4.4
"1487","USR0000IEAG",2010-07-15,17.9,27.2,10.6
"1488","USR0000IEAG",2010-07-16,19.2,26.1,13.9
"1489","USR0000IEAG",2010-07-17,19.2,26.7,12.8
"1490","USR0000IEAG",2010-07-18,18.1,26.1,12.8
"1491","USR0000IEAG",2010-07-19,16.2,22.8,10.6
"1492","USR0000IEAG",2010-07-20,13.9,20.6,10
"1493","USR0000IEAG",2010-07-21,NA,NA,NA
"1494","USR0000IEAG",2010-07-22,NA,NA,NA
"1495","USR0000IEAG",2010-07-23,NA,NA,NA
"1496","USR0000IEAG",2010-07-24,NA,NA,NA
"1497","USR0000IEAG",2010-07-25,NA,NA,NA
"1498","USR0000IEAG",2010-07-26,NA,NA,NA
"1499","USR0000IEAG",2010-07-27,NA,NA,NA
"1500","USR0000IEAG",2010-07-28,NA,NA,NA
"1501","USR0000IEAG",2010-07-29,NA,NA,NA
"1502","USR0000IEAG",2010-07-30,NA,NA,NA
"1503","USR0000IEAG",2010-07-31,NA,NA,NA
"1504","USR0000IEAG",2010-08-01,NA,NA,NA
"1505","USR0000IEAG",2010-08-02,NA,NA,NA
"1506","USR0000IEAG",2010-08-03,22,27.8,15.6
"1507","USR0000IEAG",2010-08-04,19.9,28.3,12.8
"1508","USR0000IEAG",2010-08-05,23.1,31.1,15
"1509","USR0000IEAG",2010-08-06,18.2,26.1,11.1
"1510","USR0000IEAG",2010-08-07,17.4,23.9,12.2
"1511","USR0000IEAG",2010-08-08,16,21.7,11.7
"1512","USR0000IEAG",2010-08-09,16.9,25,11.1
"1513","USR0000IEAG",2010-08-10,14.9,22.8,8.3
"1514","USR0000IEAG",2010-08-11,12.3,17.2,8.3
"1515","USR0000IEAG",2010-08-12,13.4,21.1,8.9
"1516","USR0000IEAG",2010-08-13,14.3,21.1,7.8
"1517","USR0000IEAG",2010-08-14,15.7,23.9,8.3
"1518","USR0000IEAG",2010-08-15,18.9,27.8,11.1
"1519","USR0000IEAG",2010-08-16,21,28.9,14.4
"1520","USR0000IEAG",2010-08-17,22.2,28.3,16.1
"1521","USR0000IEAG",2010-08-18,19.9,26.7,15
"1522","USR0000IEAG",2010-08-19,17.9,25.6,11.7
"1523","USR0000IEAG",2010-08-20,16.7,24.4,8.9
"1524","USR0000IEAG",2010-08-21,19.2,26.7,11.7
"1525","USR0000IEAG",2010-08-22,10.7,13.9,6.1
"1526","USR0000IEAG",2010-08-23,9.9,18.3,2.8
"1527","USR0000IEAG",2010-08-24,17.2,25.6,7.2
"1528","USR0000IEAG",2010-08-25,22.6,30.6,15.6
"1529","USR0000IEAG",2010-08-26,20.4,33.3,6.7
"1530","USR0000IEAG",2010-08-27,7.5,15,2.2
"1531","USR0000IEAG",2010-08-28,5.5,7.8,3.3
"1532","USR0000IEAG",2010-08-29,6.2,13.3,3.3
"1533","USR0000IEAG",2010-08-30,9.2,16.1,4.4
"1534","USR0000IEAG",2010-08-31,7.1,13.9,3.3
"1535","USR0000IEAG",2010-09-01,7.2,11.1,5
"1536","USR0000IEAG",2010-09-02,13.2,21.7,6.1
"1537","USR0000IEAG",2010-09-03,19.3,27.2,12.2
"1538","USR0000IEAG",2010-09-04,13.6,20,6.7
"1539","USR0000IEAG",2010-09-05,3.3,10,0.6
"1540","USR0000IEAG",2010-09-06,7.1,13.9,0.6
"1541","USR0000IEAG",2010-09-07,12.6,18.9,7.8
"1542","USR0000IEAG",2010-09-08,9.6,13.9,6.1
"1543","USR0000IEAG",2010-09-09,6.3,7.8,5
"1544","USR0000IEAG",2010-09-10,5.2,8.9,3.3
"1545","USR0000IEAG",2010-09-11,10.2,18.9,2.8
"1546","USR0000IEAG",2010-09-12,13,20.6,6.1
"1547","USR0000IEAG",2010-09-13,14.9,21.7,8.9
"1548","USR0000IEAG",2010-09-14,14.4,20.6,10
"1549","USR0000IEAG",2010-09-15,14.4,22.2,8.9
"1550","USR0000IEAG",2010-09-16,9.7,15,7.2
"1551","USR0000IEAG",2010-09-17,12.6,17.8,8.9
"1552","USR0000IEAG",2010-09-18,11.6,15.6,8.3
"1553","USR0000IEAG",2010-09-19,9.7,19.4,3.9
"1554","USR0000IEAG",2010-09-20,6.3,11.1,4.4
"1555","USR0000IEAG",2010-09-21,5.6,9.4,1.7
"1556","USR0000IEAG",2010-09-22,7.1,14.4,2.2
"1557","USR0000IEAG",2010-09-23,7.1,15,2.8
"1558","USR0000IEAG",2010-09-24,9.6,16.7,3.9
"1559","USR0000IEAG",2010-09-25,17.5,26.7,8.9
"1560","USR0000IEAG",2010-09-26,15,20.6,11.7
"1561","USR0000IEAG",2010-09-27,14.4,23.3,10.6
"1562","USR0000IEAG",2010-09-28,NA,NA,NA
"1563","USR0000IEAG",2010-09-29,NA,NA,NA
"1564","USR0000IEAG",2010-09-30,NA,NA,NA
"1565","USR0000IEAG",2011-07-01,NA,NA,NA
"1566","USR0000IEAG",2011-07-02,NA,NA,NA
"1567","USR0000IEAG",2011-07-03,NA,NA,NA
"1568","USR0000IEAG",2011-07-04,NA,NA,NA
"1569","USR0000IEAG",2011-07-05,NA,NA,NA
"1570","USR0000IEAG",2011-07-06,NA,NA,NA
"1571","USR0000IEAG",2011-07-07,NA,NA,NA
"1572","USR0000IEAG",2011-07-08,NA,NA,NA
"1573","USR0000IEAG",2011-07-09,NA,NA,NA
"1574","USR0000IEAG",2011-07-10,NA,NA,NA
"1575","USR0000IEAG",2011-07-11,NA,NA,NA
"1576","USR0000IEAG",2011-07-12,NA,NA,NA
"1577","USR0000IEAG",2011-07-13,NA,NA,NA
"1578","USR0000IEAG",2011-07-14,NA,NA,NA
"1579","USR0000IEAG",2011-07-15,NA,NA,NA
"1580","USR0000IEAG",2011-07-16,NA,NA,NA
"1581","USR0000IEAG",2011-07-17,NA,NA,NA
"1582","USR0000IEAG",2011-07-18,NA,NA,NA
"1583","USR0000IEAG",2011-07-19,NA,NA,NA
"1584","USR0000IEAG",2011-07-20,NA,NA,NA
"1585","USR0000IEAG",2011-07-21,NA,NA,NA
"1586","USR0000IEAG",2011-07-22,NA,NA,NA
"1587","USR0000IEAG",2011-07-23,NA,NA,NA
"1588","USR0000IEAG",2011-07-24,NA,NA,NA
"1589","USR0000IEAG",2011-07-25,NA,NA,NA
"1590","USR0000IEAG",2011-07-26,NA,NA,NA
"1591","USR0000IEAG",2011-07-27,14,20,9.4
"1592","USR0000IEAG",2011-07-28,16,22.8,8.9
"1593","USR0000IEAG",2011-07-29,17.7,25.6,11.7
"1594","USR0000IEAG",2011-07-30,21.2,28.9,12.8
"1595","USR0000IEAG",2011-07-31,19.9,25.6,13.9
"1596","USR0000IEAG",2011-08-01,18.9,25.6,12.8
"1597","USR0000IEAG",2011-08-02,19.9,27.2,13.3
"1598","USR0000IEAG",2011-08-03,19.8,26.1,14.4
"1599","USR0000IEAG",2011-08-04,19.8,27.2,15
"1600","USR0000IEAG",2011-08-05,19.2,26.7,14.4
"1601","USR0000IEAG",2011-08-06,18.2,25,13.3
"1602","USR0000IEAG",2011-08-07,18.1,25,12.2
"1603","USR0000IEAG",2011-08-08,18.8,25,12.8
"1604","USR0000IEAG",2011-08-09,18.7,25.6,12.8
"1605","USR0000IEAG",2011-08-10,16.7,22.8,10.6
"1606","USR0000IEAG",2011-08-11,14.3,20.6,8.3
"1607","USR0000IEAG",2011-08-12,17.7,25,10.6
"1608","USR0000IEAG",2011-08-13,20.8,28.9,15
"1609","USR0000IEAG",2011-08-14,17.6,23.9,11.7
"1610","USR0000IEAG",2011-08-15,11.4,17.2,7.8
"1611","USR0000IEAG",2011-08-16,14.2,22.2,6.7
"1612","USR0000IEAG",2011-08-17,17.3,25,11.7
"1613","USR0000IEAG",2011-08-18,15.4,22.2,10
"1614","USR0000IEAG",2011-08-19,16.6,22.8,10
"1615","USR0000IEAG",2011-08-20,18.7,25.6,11.7
"1616","USR0000IEAG",2011-08-21,20.6,27.2,15.6
"1617","USR0000IEAG",2011-08-22,20.4,28.9,14.4
"1618","USR0000IEAG",2011-08-23,17.7,25.6,11.1
"1619","USR0000IEAG",2011-08-24,21.7,31.1,15
"1620","USR0000IEAG",2011-08-25,20.2,26.7,15
"1621","USR0000IEAG",2011-08-26,22.9,28.9,18.3
"1622","USR0000IEAG",2011-08-27,22.7,29.4,18.3
"1623","USR0000IEAG",2011-08-28,23.3,30.6,12.8
"1624","USR0000IEAG",2011-08-29,16.4,24.4,10.6
"1625","USR0000IEAG",2011-08-30,14.8,21.1,10
"1626","USR0000IEAG",2011-08-31,10.3,16.7,5.6
"1627","USR0000IEAG",2011-09-01,9.1,16.1,3.9
"1628","USR0000IEAG",2011-09-02,10.6,18.3,6.1
"1629","USR0000IEAG",2011-09-03,13.2,20.6,6.1
"1630","USR0000IEAG",2011-09-04,18,25,11.7
"1631","USR0000IEAG",2011-09-05,18.9,26.1,13.9
"1632","USR0000IEAG",2011-09-06,19.4,26.1,13.3
"1633","USR0000IEAG",2011-09-07,21.3,27.8,15.6
"1634","USR0000IEAG",2011-09-08,22.3,30,16.7
"1635","USR0000IEAG",2011-09-09,20.7,28.3,15.6
"1636","USR0000IEAG",2011-09-10,22.1,30.6,16.1
"1637","USR0000IEAG",2011-09-11,22.3,28.9,17.8
"1638","USR0000IEAG",2011-09-12,21.2,28.9,16.7
"1639","USR0000IEAG",2011-09-13,18.8,26.1,14.4
"1640","USR0000IEAG",2011-09-14,18.8,25.6,13.9
"1641","USR0000IEAG",2011-09-15,11.8,19.4,5.6
"1642","USR0000IEAG",2011-09-16,7.3,13.3,3.9
"1643","USR0000IEAG",2011-09-17,6.3,12.8,2.2
"1644","USR0000IEAG",2011-09-18,8.3,14.4,3.9
"1645","USR0000IEAG",2011-09-19,9.2,15,6.7
"1646","USR0000IEAG",2011-09-20,11.5,17.8,5.6
"1647","USR0000IEAG",2011-09-21,14.7,21.7,8.3
"1648","USR0000IEAG",2011-09-22,17.8,27.2,11.7
"1649","USR0000IEAG",2011-09-23,20.3,28.3,14.4
"1650","USR0000IEAG",2011-09-24,23.5,32.8,16.1
"1651","USR0000IEAG",2011-09-25,14.3,26.1,4.4
"1652","USR0000IEAG",2011-09-26,11.1,19.4,2.8
"1653","USR0000IEAG",2011-09-27,11.6,21.7,6.1
"1654","USR0000IEAG",2011-09-28,7.1,13.9,1.7
"1655","USR0000IEAG",2011-09-29,15.7,24.4,5.6
"1656","USR0000IEAG",2011-09-30,19.7,27.2,16.1
"1657","USR0000IEAG",2011-10-01,16.5,26.7,8.9
"1658","USR0000IEAG",2011-10-02,12.7,18.3,6.1
"1659","USR0000IEAG",2011-10-03,18.1,25.6,12.8
"1660","USR0000IEAG",2011-10-04,NA,NA,NA
"1661","USR0000IEAG",2011-10-05,NA,NA,NA
"1662","USR0000IEAG",2011-10-06,NA,NA,NA
"1663","USR0000IEAG",2011-10-07,NA,NA,NA
"1664","USR0000IEAG",2011-10-08,NA,NA,NA
"1665","USR0000IEAG",2011-10-09,NA,NA,NA
"1666","USR0000IEAG",2011-10-10,NA,NA,NA
"1667","USR0000IEAG",2011-10-11,NA,NA,NA
"1668","USR0000IEAG",2011-10-12,NA,NA,NA
"1669","USR0000IEAG",2011-10-13,NA,NA,NA
"1670","USR0000IEAG",2011-10-14,NA,NA,NA
"1671","USR0000IEAG",2011-10-15,NA,NA,NA
"1672","USR0000IEAG",2011-10-16,NA,NA,NA
"1673","USR0000IEAG",2011-10-17,NA,NA,NA
"1674","USR0000IEAG",2011-10-18,NA,NA,NA
"1675","USR0000IEAG",2011-10-19,NA,NA,NA
"1676","USR0000IEAG",2011-10-20,NA,NA,NA
"1677","USR0000IEAG",2011-10-21,NA,NA,NA
"1678","USR0000IEAG",2011-10-22,NA,NA,NA
"1679","USR0000IEAG",2011-10-23,NA,NA,NA
"1680","USR0000IEAG",2011-10-24,NA,NA,NA
"1681","USR0000IEAG",2011-10-25,NA,NA,NA
"1682","USR0000IEAG",2011-10-26,NA,NA,NA
"1683","USR0000IEAG",2011-10-27,NA,NA,NA
"1684","USR0000IEAG",2011-10-28,NA,NA,NA
"1685","USR0000IEAG",2011-10-29,NA,NA,NA
"1686","USR0000IEAG",2011-10-30,NA,NA,NA
"1687","USR0000IEAG",2011-10-31,NA,NA,NA
"1688","USR0000IEAG",2012-06-01,NA,NA,NA
"1689","USR0000IEAG",2012-06-02,NA,NA,NA
"1690","USR0000IEAG",2012-06-03,NA,NA,NA
"1691","USR0000IEAG",2012-06-04,NA,NA,NA
"1692","USR0000IEAG",2012-06-05,NA,NA,NA
"1693","USR0000IEAG",2012-06-06,NA,NA,NA
"1694","USR0000IEAG",2012-06-07,NA,NA,NA
"1695","USR0000IEAG",2012-06-08,NA,NA,NA
"1696","USR0000IEAG",2012-06-09,NA,NA,NA
"1697","USR0000IEAG",2012-06-10,NA,NA,NA
"1698","USR0000IEAG",2012-06-11,NA,NA,NA
"1699","USR0000IEAG",2012-06-12,NA,NA,NA
"1700","USR0000IEAG",2012-06-13,NA,NA,NA
"1701","USR0000IEAG",2012-06-14,NA,NA,NA
"1702","USR0000IEAG",2012-06-15,NA,NA,NA
"1703","USR0000IEAG",2012-06-16,NA,NA,NA
"1704","USR0000IEAG",2012-06-17,NA,NA,NA
"1705","USR0000IEAG",2012-06-18,NA,NA,NA
"1706","USR0000IEAG",2012-06-19,NA,NA,NA
"1707","USR0000IEAG",2012-06-20,15.5,20,11.7
"1708","USR0000IEAG",2012-06-21,19.1,27.8,11.7
"1709","USR0000IEAG",2012-06-22,17.3,27.2,10.6
"1710","USR0000IEAG",2012-06-23,14.3,22.8,8.9
"1711","USR0000IEAG",2012-06-24,13.9,21.1,8.9
"1712","USR0000IEAG",2012-06-25,15.7,21.7,10.6
"1713","USR0000IEAG",2012-06-26,4.9,11.1,2.2
"1714","USR0000IEAG",2012-06-27,9.9,17.8,1.1
"1715","USR0000IEAG",2012-06-28,19,28.3,10
"1716","USR0000IEAG",2012-06-29,14.2,20,10
"1717","USR0000IEAG",2012-06-30,17.7,24.4,11.1
"1718","USR0000IEAG",2012-07-01,11.7,16.1,9.4
"1719","USR0000IEAG",2012-07-02,16.7,25,9.4
"1720","USR0000IEAG",2012-07-03,8.6,13.9,3.3
"1721","USR0000IEAG",2012-07-04,12.6,20,2.8
"1722","USR0000IEAG",2012-07-05,17.1,23.3,11.7
"1723","USR0000IEAG",2012-07-06,19.8,26.7,12.2
"1724","USR0000IEAG",2012-07-07,23.6,30.6,17.8
"1725","USR0000IEAG",2012-07-08,25.8,32.8,18.9
"1726","USR0000IEAG",2012-07-09,22.8,31.1,17.8
"1727","USR0000IEAG",2012-07-10,22.3,30,17.8
"1728","USR0000IEAG",2012-07-11,23.3,30,17.8
"1729","USR0000IEAG",2012-07-12,24.5,31.7,18.3
"1730","USR0000IEAG",2012-07-13,20.4,25,15
"1731","USR0000IEAG",2012-07-14,18.4,26.7,13.9
"1732","USR0000IEAG",2012-07-15,15.6,22.8,11.7
"1733","USR0000IEAG",2012-07-16,17.6,27.2,13.3
"1734","USR0000IEAG",2012-07-17,19.1,25,13.3
"1735","USR0000IEAG",2012-07-18,21.1,28.3,15
"1736","USR0000IEAG",2012-07-19,23.3,31.1,16.7
"1737","USR0000IEAG",2012-07-20,19.4,30,10.6
"1738","USR0000IEAG",2012-07-21,16.6,23.9,10
"1739","USR0000IEAG",2012-07-22,21.2,31.1,13.3
"1740","USR0000IEAG",2012-07-23,12.1,18.9,6.1
"1741","USR0000IEAG",2012-07-24,14.9,21.7,7.2
"1742","USR0000IEAG",2012-07-25,18.3,26.1,11.1
"1743","USR0000IEAG",2012-07-26,20.5,27.2,15
"1744","USR0000IEAG",2012-07-27,21.2,27.2,16.1
"1745","USR0000IEAG",2012-07-28,18.8,25.6,13.3
"1746","USR0000IEAG",2012-07-29,19.8,26.1,13.3
"1747","USR0000IEAG",2012-07-30,19.8,26.1,13.3
"1748","USR0000IEAG",2012-07-31,18.2,25.6,11.7
"1749","USR0000IEAG",2012-08-01,18.3,25,12.8
"1750","USR0000IEAG",2012-08-02,15.7,22.8,11.1
"1751","USR0000IEAG",2012-08-03,15.4,22.2,10.6
"1752","USR0000IEAG",2012-08-04,19.5,27.8,10.6
"1753","USR0000IEAG",2012-08-05,23.4,30,16.1
"1754","USR0000IEAG",2012-08-06,21.2,27.8,17.8
"1755","USR0000IEAG",2012-08-07,25.3,32.2,19.4
"1756","USR0000IEAG",2012-08-08,21.2,25.6,16.1
"1757","USR0000IEAG",2012-08-09,21.4,28.9,15
"1758","USR0000IEAG",2012-08-10,21,27.8,16.1
"1759","USR0000IEAG",2012-08-11,19.6,27.2,13.3
"1760","USR0000IEAG",2012-08-12,22.1,30,14.4
"1761","USR0000IEAG",2012-08-13,22.6,30,17.8
"1762","USR0000IEAG",2012-08-14,20.9,28.9,14.4
"1763","USR0000IEAG",2012-08-15,17.2,25.6,10.6
"1764","USR0000IEAG",2012-08-16,18.2,26.1,9.4
"1765","USR0000IEAG",2012-08-17,20.8,27.8,15.6
"1766","USR0000IEAG",2012-08-18,23.4,31.1,16.1
"1767","USR0000IEAG",2012-08-19,23.4,30.6,17.2
"1768","USR0000IEAG",2012-08-20,21.8,28.3,16.1
"1769","USR0000IEAG",2012-08-21,18.7,23.3,13.3
"1770","USR0000IEAG",2012-08-22,16.2,25,10
"1771","USR0000IEAG",2012-08-23,14.7,24.4,7.2
"1772","USR0000IEAG",2012-08-24,8.8,16.1,2.8
"1773","USR0000IEAG",2012-08-25,15.3,22.2,6.1
"1774","USR0000IEAG",2012-08-26,21.1,28.9,15.6
"1775","USR0000IEAG",2012-08-27,19.2,26.1,13.9
"1776","USR0000IEAG",2012-08-28,18.8,28.9,10.6
"1777","USR0000IEAG",2012-08-29,11.3,18.3,7.8
"1778","USR0000IEAG",2012-08-30,15.2,23.9,7.2
"1779","USR0000IEAG",2012-08-31,19.1,27.8,12.2
"1780","USR0000IEAG",2012-09-01,12.8,20,5.6
"1781","USR0000IEAG",2012-09-02,12.5,21.7,6.1
"1782","USR0000IEAG",2012-09-03,14.3,22.2,7.8
"1783","USR0000IEAG",2012-09-04,13.7,20.6,6.7
"1784","USR0000IEAG",2012-09-05,14.8,22.2,8.9
"1785","USR0000IEAG",2012-09-06,14.9,22.8,8.9
"1786","USR0000IEAG",2012-09-07,15.9,23.3,8.9
"1787","USR0000IEAG",2012-09-08,20.1,28.3,12.8
"1788","USR0000IEAG",2012-09-09,18.1,25,8.9
"1789","USR0000IEAG",2012-09-10,7.8,13.3,1.7
"1790","USR0000IEAG",2012-09-11,5.7,13.3,-0.6
"1791","USR0000IEAG",2012-09-12,9.3,16.1,2.8
"1792","USR0000IEAG",2012-09-13,16.9,26.7,7.8
"1793","USR0000IEAG",2012-09-14,19.5,30,12.8
"1794","USR0000IEAG",2012-09-15,17.2,24.4,12.8
"1795","USR0000IEAG",2012-09-16,15.6,23.3,10.6
"1796","USR0000IEAG",2012-09-17,14.9,21.7,9.4
"1797","USR0000IEAG",2012-09-18,16.9,25,11.7
"1798","USR0000IEAG",2012-09-19,17.2,24.4,12.2
"1799","USR0000IEAG",2012-09-20,18.4,26.7,13.3
"1800","USR0000IEAG",2012-09-21,20.3,28.3,15
"1801","USR0000IEAG",2012-09-22,19.4,26.1,14.4
"1802","USR0000IEAG",2012-09-23,13.4,17.2,7.8
"1803","USR0000IEAG",2012-09-24,12.2,18.9,7.8
"1804","USR0000IEAG",2012-09-25,13.2,21.1,9.4
"1805","USR0000IEAG",2012-09-26,12.7,20,7.8
"1806","USR0000IEAG",2012-09-27,14.9,22.8,9.4
"1807","USR0000IEAG",2012-09-28,16.2,24.4,10.6
"1808","USR0000IEAG",2012-09-29,14.4,21.7,10
"1809","USR0000IEAG",2012-09-30,12.6,20,7.8
"1810","USR0000IEAG",2012-10-01,13.9,21.7,8.9
"1811","USR0000IEAG",2012-10-02,9.2,17.2,-1.7
"1812","USR0000IEAG",2012-10-03,2.1,10.6,-3.3
"1813","USR0000IEAG",2012-10-04,1.3,10,-2.2
"1814","USR0000IEAG",2012-10-05,1.6,9.4,-3.9
"1815","USR0000IEAG",2012-10-06,4.6,12.2,-2.2
"1816","USR0000IEAG",2012-10-07,8.8,16.7,3.9
"1817","USR0000IEAG",2012-10-08,8.9,15.6,4.4
"1818","USR0000IEAG",2012-10-09,8.7,15,3.9
"1819","USR0000IEAG",2012-10-10,10.2,16.7,5
"1820","USR0000IEAG",2012-10-11,11.4,18.9,7.2
"1821","USR0000IEAG",2012-10-12,9.9,17.8,3.9
"1822","USR0000IEAG",2012-10-13,5.3,6.7,3.9
"1823","USR0000IEAG",2012-10-14,8.4,13.3,5.6
"1824","USR0000IEAG",2012-10-15,7.1,8.3,5.6
"1825","USR0000IEAG",2012-10-16,2.9,8.9,-0.6
"1826","USR0000IEAG",2012-10-17,-1.4,-1.1,-1.7
"1827","USR0000IEAG",2012-10-18,NA,NA,NA
"1828","USR0000IEAG",2012-10-19,NA,NA,NA
"1829","USR0000IEAG",2012-10-20,NA,NA,NA
"1830","USR0000IEAG",2012-10-21,NA,NA,NA
"1831","USR0000IEAG",2012-10-22,NA,NA,NA
"1832","USR0000IEAG",2012-10-23,NA,NA,NA
"1833","USR0000IEAG",2012-10-24,NA,NA,NA
"1834","USR0000IEAG",2012-10-25,NA,NA,NA
"1835","USR0000IEAG",2012-10-26,NA,NA,NA
"1836","USR0000IEAG",2012-10-27,NA,NA,NA
"1837","USR0000IEAG",2012-10-28,NA,NA,NA
"1838","USR0000IEAG",2012-10-29,NA,NA,NA
"1839","USR0000IEAG",2012-10-30,NA,NA,NA
"1840","USR0000IEAG",2012-10-31,NA,NA,NA
